#
# A fatal error has been detected by the Java Runtime Environment:
#
#  SIGSEGV (0xb) at pc=0x00007ff825da0020, pid=28031, tid=149139
#
# JRE version: OpenJDK Runtime Environment Temurin-21.0.9+10 (21.0.9+10) (build 21.0.9+10-LTS)
# Java VM: OpenJDK 64-Bit Server VM Temurin-21.0.9+10 (21.0.9+10-LTS, mixed mode, sharing, tiered, compressed oops, compressed class ptrs, g1 gc, bsd-amd64)
# Problematic frame:
# C  [CoreVideo+0x2020]  CVHWTime::reset()+0x2e
#
# No core dump will be written. Core dumps have been disabled. To enable core dumping, try "ulimit -c unlimited" before starting Java again
#
# If you would like to submit a bug report, please visit:
#   https://github.com/adoptium/adoptium-support/issues
#

---------------  S U M M A R Y ------------

Command Line: -Dfile.encoding=UTF-8 -Dstdout.encoding=UTF-8 -Dstderr.encoding=UTF-8 --module-path=/Users/saahibm.singh/Documents/GitHub/Tic-Tac-Toe-Anay-Desai-Saahib-Singh/anay_and_Saahib_TicTacToe/bin -XX:+ShowCodeDetailsInExceptionMessages -Djdk.module.main=anay_and_Saahib_TicTacToe anay_and_Saahib_TicTacToe/tictactoe.TicTacToeWebApp

Host: "Mac16,13" x86_64 (EMULATED) 2400 MHz, 10 cores, 16G, Darwin 25.2.0, macOS 26.2 (25C56)
Time: Fri May  8 12:02:42 2026 EDT elapsed time: 5592.353993 seconds (0d 1h 33m 12s)

---------------  T H R E A D  ---------------

Current thread is native thread

Stack: [0x00000003064c6000,0x0000000306546000],  sp=0x0000000306545df0,  free space=511k
Native frames: (J=compiled Java code, j=interpreted, Vv=VM code, C=native code)
C  [CoreVideo+0x2020]  CVHWTime::reset()+0x2e
C  [CoreVideo+0x298e]  CVXTime::reset()+0x2c
C  [CoreVideo+0x26bc]  CVDisplayLink::runIOThread()+0xba
C  [libsystem_pthread.dylib+0x5e4d]  _pthread_start+0x73
C  [libsystem_pthread.dylib+0x1857]  thread_start+0xf

siginfo: si_signo: 11 (SIGSEGV), si_code: 1 (SEGV_MAPERR), si_addr: 0xd00007fad6453ca8

Registers:
RAX=0xd00007fad6453ae0, RBX=0x00007fad64528ec8, RCX=0x0000000000000000, RDX=0x00007fad64528ec8
RSP=0x0000000306545df0, RBP=0x0000000306545e00, RSI=0x00007ff825db7b6f, RDI=0x00007ff85bde8480
R8 =0x00000e2100000000, R9 =0x0003f70f00000000, R10=0x0003f70f00024693, R11=0x0000000000000000
R12=0x0000000000000000, R13=0x0000000000000000, R14=0x0000000000000000, R15=0x0000000000000000
RIP=0x00007ff825da0020, EFLAGS=0x0000000000000202, ERR=0x0000000000000004
  TRAPNO=0x000000000000000e


Top of Stack: (sp=0x0000000306545df0)
0x0000000306545df0:   00007fad64528ec0 0000000000000000
0x0000000306545e00:   0000000306545e20 00007ff825da098e
0x0000000306545e10:   00007fad67942620 0000000000024693
0x0000000306545e20:   0000000306545fb0 00007ff825da06bc
0x0000000306545e30:   0000000000000017 0000000000000000
0x0000000306545e40:   0000000000000000 0000000000000000
0x0000000306545e50:   0000000000000000 0000000000000000
0x0000000306545e60:   0000000000000000 0000000000000000
0x0000000306545e70:   0000000000000000 0000000000000000
0x0000000306545e80:   0000000000000000 00007fad67942638
0x0000000306545e90:   0000000000000000 0000000203404410
0x0000000306545ea0:   00006d7f00000000 000001f500003bf4
0x0000000306545eb0:   000001f500000014 000001f500000014
0x0000000306545ec0:   0000000000000014 65686e006176616a
0x0000000306545ed0:   000000007265706c 65686e006176616a
0x0000000306545ee0:   000000007265706c 0000000000000000
0x0000000306545ef0:   0000000000000000 00003bf400000019
0x0000000306545f00:   ffffffff00000001 0000000000000000
0x0000000306545f10:   0000000069fde995 0000000000055794
0x0000000306545f20:   0000000a1b330000 00000000040c2000
0x0000000306545f30:   000000043e3e2207 00000001ad3edf99
0x0000000306545f40:   000000032a2966d7 00000000afd096e7
0x0000000306545f50:   002d60ca00000001 0000043400005b10
0x0000000306545f60:   0032a6ee00672252 01fa364403ebc3ad
0x0000000306545f70:   0000004c00e1500b 0000001f00000003
0x0000000306545f80:   082d2db92b300087 0000000306546000
0x0000000306545f90:   0000000000000000 0000000000000000
0x0000000306545fa0:   0000000000000000 0000000000000000
0x0000000306545fb0:   0000000306545fd0 00007ff81b2eee4d
0x0000000306545fc0:   0000000000000000 0000000000000000
0x0000000306545fd0:   0000000306545ff0 00007ff81b2ea857
0x0000000306545fe0:   0000000000000000 00007ff7fffba9ec 

Instructions: (pc=0x00007ff825da0020)
0x00007ff825d9ff20:   02 00 00 48 89 83 58 02 00 00 48 8b 31 48 8b 0d
0x00007ff825d9ff30:   bc e0 96 32 48 8b 11 48 89 c7 e8 9f 60 05 00 48
0x00007ff825d9ff40:   c7 83 68 02 00 00 00 00 00 00 48 c7 83 70 02 00
0x00007ff825d9ff50:   00 02 00 00 00 c6 43 10 01 48 8b 05 b0 60 9b 32
0x00007ff825d9ff60:   48 8b 00 48 3b 45 e8 75 0c 48 89 d8 48 83 c4 40
0x00007ff825d9ff70:   5b 41 5e 5d c3 e8 f4 63 05 00 48 89 c3 4c 89 f7
0x00007ff825d9ff80:   e8 79 64 05 00 eb 03 48 89 c3 48 89 df e8 b2 63
0x00007ff825d9ff90:   05 00 55 48 89 e5 41 56 53 48 89 fb 48 89 37 4c
0x00007ff825d9ffa0:   8d 77 08 4c 89 f7 e8 23 00 00 00 48 c7 43 48 00
0x00007ff825d9ffb0:   00 00 00 c7 43 50 00 00 00 00 0f 57 c0 0f 11 43
0x00007ff825d9ffc0:   58 4c 89 f7 5b 41 5e 5d e9 25 00 00 00 90 55 48
0x00007ff825d9ffd0:   89 e5 48 89 37 48 8b 86 c8 01 00 00 48 89 47 08
0x00007ff825d9ffe0:   0f 57 c0 0f 11 47 10 0f 11 47 20 0f 11 47 2c 5d
0x00007ff825d9fff0:   c3 90 55 48 89 e5 41 56 53 48 89 fb 48 8b 4f 28
0x00007ff825da0000:   48 8d 35 88 9b 06 00 45 31 f6 bf 04 00 00 00 48
0x00007ff825da0010:   89 da 31 c0 e8 a5 79 01 00 4c 89 73 28 48 8b 03
0x00007ff825da0020:   48 8b 80 c8 01 00 00 48 89 43 08 4c 89 73 30 c7
0x00007ff825da0030:   43 38 00 00 00 00 0f 57 c0 0f 11 43 10 4c 89 73
0x00007ff825da0040:   20 5b 41 5e 5d c3 55 48 89 e5 41 57 41 56 41 55
0x00007ff825da0050:   41 54 53 50 41 89 f6 48 89 fb 89 f7 e8 5b 60 05
0x00007ff825da0060:   00 41 89 c7 48 c7 83 b8 01 00 00 e9 03 00 00 48
0x00007ff825da0070:   c7 83 c0 01 00 00 60 ea 00 00 48 8d 05 5c 87 04
0x00007ff825da0080:   36 80 38 00 75 05 e8 39 01 00 00 48 8d 05 62 87
0x00007ff825da0090:   04 36 8b 00 f2 48 0f 2a c0 48 8d 05 48 87 04 36
0x00007ff825da00a0:   8b 00 f2 48 0f 2a c8 f2 0f 10 15 c1 b0 06 00 f2
0x00007ff825da00b0:   0f 5e d0 f2 0f 59 d1 f2 48 0f 2c c2 48 89 c1 48
0x00007ff825da00c0:   c1 f9 3f f2 0f 5c 15 05 ac 06 00 f2 48 0f 2c d2
0x00007ff825da00d0:   48 21 ca 48 09 c2 48 89 93 c8 01 00 00 45 85 ff
0x00007ff825da00e0:   0f 84 b6 00 00 00 45 31 e4 45 0f a3 e7 72 0f 41
0x00007ff825da00f0:   ff c4 41 83 fc 20 75 f1 41 bc 20 00 00 00 48 8d
0x00007ff825da0100:   35 6a 99 05 00 bf 01 00 00 00 48 89 da 44 89 75
0x00007ff825da0110:   d4 44 89 f1 31 c0 e8 a3 78 01 00 4c 8d 6b 18 4c 



---------------  P R O C E S S  ---------------

VM state: not at safepoint (normal execution)

VM Mutex/Monitor currently owned by a thread:  ([mutex/lock_event])
[0x000000010f96d1b0] MethodCompileQueue_lock - owner thread: 0x00007fad68099800

Heap address: 0x0000000700000000, size: 4096 MB, Compressed Oops mode: Zero based, Oop shift amount: 3

CDS archive(s) mapped at: [0x000000012b000000-0x000000012bc97000-0x000000012bc97000), size 13201408, SharedBaseAddress: 0x000000012b000000, ArchiveRelocationMode: 1.
Compressed class space mapped at: 0x000000012c000000-0x000000016c000000, reserved size: 1073741824
Narrow klass base: 0x000000012b000000, Narrow klass shift: 0, Narrow klass range: 0x100000000

GC Precious Log:
<Skipped>

Heap:
 garbage-first heap   total 264192K, used 49903K [0x0000000700000000, 0x0000000800000000)
  region size 2048K, 15 young (30720K), 1 survivors (2048K)
 Metaspace       used 10760K, committed 11136K, reserved 1114112K
  class space    used 1168K, committed 1344K, reserved 1048576K

Heap Regions: E=young(eden), S=young(survivor), O=old, HS=humongous(starts), HC=humongous(continues), CS=collection set, F=free, TAMS=top-at-mark-start, PB=parsable bottom
|   0|0x0000000700000000, 0x0000000700200000, 0x0000000700200000|100%| O|  |TAMS 0x0000000700000000| PB 0x0000000700000000| Untracked 
|   1|0x0000000700200000, 0x0000000700400000, 0x0000000700400000|100%| O|  |TAMS 0x0000000700200000| PB 0x0000000700200000| Untracked 
|   2|0x0000000700400000, 0x0000000700600000, 0x0000000700600000|100%| O|  |TAMS 0x0000000700400000| PB 0x0000000700400000| Untracked 
|   3|0x0000000700600000, 0x0000000700800000, 0x0000000700800000|100%| O|  |TAMS 0x0000000700600000| PB 0x0000000700600000| Untracked 
|   4|0x0000000700800000, 0x0000000700a00000, 0x0000000700a00000|100%| O|  |TAMS 0x0000000700800000| PB 0x0000000700800000| Untracked 
|   5|0x0000000700a00000, 0x0000000700c00000, 0x0000000700c00000|100%| O|  |TAMS 0x0000000700a00000| PB 0x0000000700a00000| Untracked 
|   6|0x0000000700c00000, 0x0000000700e00000, 0x0000000700e00000|100%| O|  |TAMS 0x0000000700c00000| PB 0x0000000700c00000| Untracked 
|   7|0x0000000700e00000, 0x0000000701000000, 0x0000000701000000|100%| O|  |TAMS 0x0000000700e00000| PB 0x0000000700e00000| Untracked 
|   8|0x0000000701000000, 0x0000000701200000, 0x0000000701200000|100%| O|  |TAMS 0x0000000701000000| PB 0x0000000701000000| Untracked 
|   9|0x0000000701200000, 0x0000000701400000, 0x0000000701400000|100%| O|  |TAMS 0x0000000701200000| PB 0x0000000701200000| Untracked 
|  10|0x0000000701400000, 0x00000007014afa50, 0x0000000701600000| 34%| O|  |TAMS 0x0000000701400000| PB 0x0000000701400000| Untracked 
|  11|0x0000000701600000, 0x0000000701600000, 0x0000000701800000|  0%| F|  |TAMS 0x0000000701600000| PB 0x0000000701600000| Untracked 
|  12|0x0000000701800000, 0x0000000701800000, 0x0000000701a00000|  0%| F|  |TAMS 0x0000000701800000| PB 0x0000000701800000| Untracked 
|  13|0x0000000701a00000, 0x0000000701a00000, 0x0000000701c00000|  0%| F|  |TAMS 0x0000000701a00000| PB 0x0000000701a00000| Untracked 
|  14|0x0000000701c00000, 0x0000000701c00000, 0x0000000701e00000|  0%| F|  |TAMS 0x0000000701c00000| PB 0x0000000701c00000| Untracked 
|  15|0x0000000701e00000, 0x0000000701e00000, 0x0000000702000000|  0%| F|  |TAMS 0x0000000701e00000| PB 0x0000000701e00000| Untracked 
|  16|0x0000000702000000, 0x0000000702000000, 0x0000000702200000|  0%| F|  |TAMS 0x0000000702000000| PB 0x0000000702000000| Untracked 
|  17|0x0000000702200000, 0x0000000702200000, 0x0000000702400000|  0%| F|  |TAMS 0x0000000702200000| PB 0x0000000702200000| Untracked 
|  18|0x0000000702400000, 0x0000000702400000, 0x0000000702600000|  0%| F|  |TAMS 0x0000000702400000| PB 0x0000000702400000| Untracked 
|  19|0x0000000702600000, 0x0000000702600000, 0x0000000702800000|  0%| F|  |TAMS 0x0000000702600000| PB 0x0000000702600000| Untracked 
|  20|0x0000000702800000, 0x0000000702800000, 0x0000000702a00000|  0%| F|  |TAMS 0x0000000702800000| PB 0x0000000702800000| Untracked 
|  21|0x0000000702a00000, 0x0000000702a00000, 0x0000000702c00000|  0%| F|  |TAMS 0x0000000702a00000| PB 0x0000000702a00000| Untracked 
|  22|0x0000000702c00000, 0x0000000702c00000, 0x0000000702e00000|  0%| F|  |TAMS 0x0000000702c00000| PB 0x0000000702c00000| Untracked 
|  23|0x0000000702e00000, 0x0000000702e00000, 0x0000000703000000|  0%| F|  |TAMS 0x0000000702e00000| PB 0x0000000702e00000| Untracked 
|  24|0x0000000703000000, 0x0000000703000000, 0x0000000703200000|  0%| F|  |TAMS 0x0000000703000000| PB 0x0000000703000000| Untracked 
|  25|0x0000000703200000, 0x0000000703200000, 0x0000000703400000|  0%| F|  |TAMS 0x0000000703200000| PB 0x0000000703200000| Untracked 
|  26|0x0000000703400000, 0x0000000703400000, 0x0000000703600000|  0%| F|  |TAMS 0x0000000703400000| PB 0x0000000703400000| Untracked 
|  27|0x0000000703600000, 0x0000000703600000, 0x0000000703800000|  0%| F|  |TAMS 0x0000000703600000| PB 0x0000000703600000| Untracked 
|  28|0x0000000703800000, 0x0000000703800000, 0x0000000703a00000|  0%| F|  |TAMS 0x0000000703800000| PB 0x0000000703800000| Untracked 
|  29|0x0000000703a00000, 0x0000000703a00000, 0x0000000703c00000|  0%| F|  |TAMS 0x0000000703a00000| PB 0x0000000703a00000| Untracked 
|  30|0x0000000703c00000, 0x0000000703c00000, 0x0000000703e00000|  0%| F|  |TAMS 0x0000000703c00000| PB 0x0000000703c00000| Untracked 
|  31|0x0000000703e00000, 0x0000000703e00000, 0x0000000704000000|  0%| F|  |TAMS 0x0000000703e00000| PB 0x0000000703e00000| Untracked 
|  32|0x0000000704000000, 0x0000000704000000, 0x0000000704200000|  0%| F|  |TAMS 0x0000000704000000| PB 0x0000000704000000| Untracked 
|  33|0x0000000704200000, 0x0000000704200000, 0x0000000704400000|  0%| F|  |TAMS 0x0000000704200000| PB 0x0000000704200000| Untracked 
|  34|0x0000000704400000, 0x0000000704400000, 0x0000000704600000|  0%| F|  |TAMS 0x0000000704400000| PB 0x0000000704400000| Untracked 
|  35|0x0000000704600000, 0x0000000704600000, 0x0000000704800000|  0%| F|  |TAMS 0x0000000704600000| PB 0x0000000704600000| Untracked 
|  36|0x0000000704800000, 0x0000000704800000, 0x0000000704a00000|  0%| F|  |TAMS 0x0000000704800000| PB 0x0000000704800000| Untracked 
|  37|0x0000000704a00000, 0x0000000704a00000, 0x0000000704c00000|  0%| F|  |TAMS 0x0000000704a00000| PB 0x0000000704a00000| Untracked 
|  38|0x0000000704c00000, 0x0000000704c00000, 0x0000000704e00000|  0%| F|  |TAMS 0x0000000704c00000| PB 0x0000000704c00000| Untracked 
|  39|0x0000000704e00000, 0x0000000704e00000, 0x0000000705000000|  0%| F|  |TAMS 0x0000000704e00000| PB 0x0000000704e00000| Untracked 
|  40|0x0000000705000000, 0x0000000705000000, 0x0000000705200000|  0%| F|  |TAMS 0x0000000705000000| PB 0x0000000705000000| Untracked 
|  41|0x0000000705200000, 0x0000000705200000, 0x0000000705400000|  0%| F|  |TAMS 0x0000000705200000| PB 0x0000000705200000| Untracked 
|  42|0x0000000705400000, 0x0000000705400000, 0x0000000705600000|  0%| F|  |TAMS 0x0000000705400000| PB 0x0000000705400000| Untracked 
|  43|0x0000000705600000, 0x0000000705600000, 0x0000000705800000|  0%| F|  |TAMS 0x0000000705600000| PB 0x0000000705600000| Untracked 
|  44|0x0000000705800000, 0x0000000705800000, 0x0000000705a00000|  0%| F|  |TAMS 0x0000000705800000| PB 0x0000000705800000| Untracked 
|  45|0x0000000705a00000, 0x0000000705a00000, 0x0000000705c00000|  0%| F|  |TAMS 0x0000000705a00000| PB 0x0000000705a00000| Untracked 
|  46|0x0000000705c00000, 0x0000000705c00000, 0x0000000705e00000|  0%| F|  |TAMS 0x0000000705c00000| PB 0x0000000705c00000| Untracked 
|  47|0x0000000705e00000, 0x0000000705e00000, 0x0000000706000000|  0%| F|  |TAMS 0x0000000705e00000| PB 0x0000000705e00000| Untracked 
|  48|0x0000000706000000, 0x0000000706000000, 0x0000000706200000|  0%| F|  |TAMS 0x0000000706000000| PB 0x0000000706000000| Untracked 
|  49|0x0000000706200000, 0x0000000706200000, 0x0000000706400000|  0%| F|  |TAMS 0x0000000706200000| PB 0x0000000706200000| Untracked 
|  50|0x0000000706400000, 0x0000000706400000, 0x0000000706600000|  0%| F|  |TAMS 0x0000000706400000| PB 0x0000000706400000| Untracked 
|  51|0x0000000706600000, 0x0000000706603870, 0x0000000706800000|  0%| S|CS|TAMS 0x0000000706600000| PB 0x0000000706600000| Complete 
|  52|0x0000000706800000, 0x0000000706800000, 0x0000000706a00000|  0%| F|  |TAMS 0x0000000706800000| PB 0x0000000706800000| Untracked 
|  53|0x0000000706a00000, 0x0000000706a00000, 0x0000000706c00000|  0%| F|  |TAMS 0x0000000706a00000| PB 0x0000000706a00000| Untracked 
|  54|0x0000000706c00000, 0x0000000706c00000, 0x0000000706e00000|  0%| F|  |TAMS 0x0000000706c00000| PB 0x0000000706c00000| Untracked 
|  55|0x0000000706e00000, 0x0000000706e00000, 0x0000000707000000|  0%| F|  |TAMS 0x0000000706e00000| PB 0x0000000706e00000| Untracked 
|  56|0x0000000707000000, 0x0000000707000000, 0x0000000707200000|  0%| F|  |TAMS 0x0000000707000000| PB 0x0000000707000000| Untracked 
|  57|0x0000000707200000, 0x0000000707200000, 0x0000000707400000|  0%| F|  |TAMS 0x0000000707200000| PB 0x0000000707200000| Untracked 
|  58|0x0000000707400000, 0x0000000707400000, 0x0000000707600000|  0%| F|  |TAMS 0x0000000707400000| PB 0x0000000707400000| Untracked 
|  59|0x0000000707600000, 0x0000000707600000, 0x0000000707800000|  0%| F|  |TAMS 0x0000000707600000| PB 0x0000000707600000| Untracked 
|  60|0x0000000707800000, 0x0000000707800000, 0x0000000707a00000|  0%| F|  |TAMS 0x0000000707800000| PB 0x0000000707800000| Untracked 
|  61|0x0000000707a00000, 0x0000000707a00000, 0x0000000707c00000|  0%| F|  |TAMS 0x0000000707a00000| PB 0x0000000707a00000| Untracked 
|  62|0x0000000707c00000, 0x0000000707c00000, 0x0000000707e00000|  0%| F|  |TAMS 0x0000000707c00000| PB 0x0000000707c00000| Untracked 
|  63|0x0000000707e00000, 0x0000000707e00000, 0x0000000708000000|  0%| F|  |TAMS 0x0000000707e00000| PB 0x0000000707e00000| Untracked 
|  64|0x0000000708000000, 0x0000000708000000, 0x0000000708200000|  0%| F|  |TAMS 0x0000000708000000| PB 0x0000000708000000| Untracked 
|  65|0x0000000708200000, 0x0000000708200000, 0x0000000708400000|  0%| F|  |TAMS 0x0000000708200000| PB 0x0000000708200000| Untracked 
|  66|0x0000000708400000, 0x0000000708400000, 0x0000000708600000|  0%| F|  |TAMS 0x0000000708400000| PB 0x0000000708400000| Untracked 
|  67|0x0000000708600000, 0x0000000708600000, 0x0000000708800000|  0%| F|  |TAMS 0x0000000708600000| PB 0x0000000708600000| Untracked 
|  68|0x0000000708800000, 0x0000000708800000, 0x0000000708a00000|  0%| F|  |TAMS 0x0000000708800000| PB 0x0000000708800000| Untracked 
|  69|0x0000000708a00000, 0x0000000708a00000, 0x0000000708c00000|  0%| F|  |TAMS 0x0000000708a00000| PB 0x0000000708a00000| Untracked 
|  70|0x0000000708c00000, 0x0000000708c00000, 0x0000000708e00000|  0%| F|  |TAMS 0x0000000708c00000| PB 0x0000000708c00000| Untracked 
|  71|0x0000000708e00000, 0x0000000708e00000, 0x0000000709000000|  0%| F|  |TAMS 0x0000000708e00000| PB 0x0000000708e00000| Untracked 
|  72|0x0000000709000000, 0x0000000709000000, 0x0000000709200000|  0%| F|  |TAMS 0x0000000709000000| PB 0x0000000709000000| Untracked 
|  73|0x0000000709200000, 0x0000000709200000, 0x0000000709400000|  0%| F|  |TAMS 0x0000000709200000| PB 0x0000000709200000| Untracked 
|  74|0x0000000709400000, 0x0000000709400000, 0x0000000709600000|  0%| F|  |TAMS 0x0000000709400000| PB 0x0000000709400000| Untracked 
|  75|0x0000000709600000, 0x0000000709600000, 0x0000000709800000|  0%| F|  |TAMS 0x0000000709600000| PB 0x0000000709600000| Untracked 
|  76|0x0000000709800000, 0x0000000709800000, 0x0000000709a00000|  0%| F|  |TAMS 0x0000000709800000| PB 0x0000000709800000| Untracked 
|  77|0x0000000709a00000, 0x0000000709a00000, 0x0000000709c00000|  0%| F|  |TAMS 0x0000000709a00000| PB 0x0000000709a00000| Untracked 
|  78|0x0000000709c00000, 0x0000000709c00000, 0x0000000709e00000|  0%| F|  |TAMS 0x0000000709c00000| PB 0x0000000709c00000| Untracked 
|  79|0x0000000709e00000, 0x0000000709e00000, 0x000000070a000000|  0%| F|  |TAMS 0x0000000709e00000| PB 0x0000000709e00000| Untracked 
|  80|0x000000070a000000, 0x000000070a000000, 0x000000070a200000|  0%| F|  |TAMS 0x000000070a000000| PB 0x000000070a000000| Untracked 
|  81|0x000000070a200000, 0x000000070a200000, 0x000000070a400000|  0%| F|  |TAMS 0x000000070a200000| PB 0x000000070a200000| Untracked 
|  82|0x000000070a400000, 0x000000070a400000, 0x000000070a600000|  0%| F|  |TAMS 0x000000070a400000| PB 0x000000070a400000| Untracked 
|  83|0x000000070a600000, 0x000000070a600000, 0x000000070a800000|  0%| F|  |TAMS 0x000000070a600000| PB 0x000000070a600000| Untracked 
|  84|0x000000070a800000, 0x000000070a800000, 0x000000070aa00000|  0%| F|  |TAMS 0x000000070a800000| PB 0x000000070a800000| Untracked 
|  85|0x000000070aa00000, 0x000000070aa00000, 0x000000070ac00000|  0%| F|  |TAMS 0x000000070aa00000| PB 0x000000070aa00000| Untracked 
|  86|0x000000070ac00000, 0x000000070ac00000, 0x000000070ae00000|  0%| F|  |TAMS 0x000000070ac00000| PB 0x000000070ac00000| Untracked 
|  87|0x000000070ae00000, 0x000000070ae00000, 0x000000070b000000|  0%| F|  |TAMS 0x000000070ae00000| PB 0x000000070ae00000| Untracked 
|  88|0x000000070b000000, 0x000000070b000000, 0x000000070b200000|  0%| F|  |TAMS 0x000000070b000000| PB 0x000000070b000000| Untracked 
|  89|0x000000070b200000, 0x000000070b200000, 0x000000070b400000|  0%| F|  |TAMS 0x000000070b200000| PB 0x000000070b200000| Untracked 
|  90|0x000000070b400000, 0x000000070b400000, 0x000000070b600000|  0%| F|  |TAMS 0x000000070b400000| PB 0x000000070b400000| Untracked 
|  91|0x000000070b600000, 0x000000070b600000, 0x000000070b800000|  0%| F|  |TAMS 0x000000070b600000| PB 0x000000070b600000| Untracked 
|  92|0x000000070b800000, 0x000000070b800000, 0x000000070ba00000|  0%| F|  |TAMS 0x000000070b800000| PB 0x000000070b800000| Untracked 
|  93|0x000000070ba00000, 0x000000070ba00000, 0x000000070bc00000|  0%| F|  |TAMS 0x000000070ba00000| PB 0x000000070ba00000| Untracked 
|  94|0x000000070bc00000, 0x000000070bc00000, 0x000000070be00000|  0%| F|  |TAMS 0x000000070bc00000| PB 0x000000070bc00000| Untracked 
|  95|0x000000070be00000, 0x000000070be00000, 0x000000070c000000|  0%| F|  |TAMS 0x000000070be00000| PB 0x000000070be00000| Untracked 
|  96|0x000000070c000000, 0x000000070c000000, 0x000000070c200000|  0%| F|  |TAMS 0x000000070c000000| PB 0x000000070c000000| Untracked 
|  97|0x000000070c200000, 0x000000070c200000, 0x000000070c400000|  0%| F|  |TAMS 0x000000070c200000| PB 0x000000070c200000| Untracked 
|  98|0x000000070c400000, 0x000000070c400000, 0x000000070c600000|  0%| F|  |TAMS 0x000000070c400000| PB 0x000000070c400000| Untracked 
|  99|0x000000070c600000, 0x000000070c600000, 0x000000070c800000|  0%| F|  |TAMS 0x000000070c600000| PB 0x000000070c600000| Untracked 
| 100|0x000000070c800000, 0x000000070c800000, 0x000000070ca00000|  0%| F|  |TAMS 0x000000070c800000| PB 0x000000070c800000| Untracked 
| 101|0x000000070ca00000, 0x000000070ca00000, 0x000000070cc00000|  0%| F|  |TAMS 0x000000070ca00000| PB 0x000000070ca00000| Untracked 
| 102|0x000000070cc00000, 0x000000070cc00000, 0x000000070ce00000|  0%| F|  |TAMS 0x000000070cc00000| PB 0x000000070cc00000| Untracked 
| 103|0x000000070ce00000, 0x000000070ce00000, 0x000000070d000000|  0%| F|  |TAMS 0x000000070ce00000| PB 0x000000070ce00000| Untracked 
| 104|0x000000070d000000, 0x000000070d000000, 0x000000070d200000|  0%| F|  |TAMS 0x000000070d000000| PB 0x000000070d000000| Untracked 
| 105|0x000000070d200000, 0x000000070d200000, 0x000000070d400000|  0%| F|  |TAMS 0x000000070d200000| PB 0x000000070d200000| Untracked 
| 106|0x000000070d400000, 0x000000070d400000, 0x000000070d600000|  0%| F|  |TAMS 0x000000070d400000| PB 0x000000070d400000| Untracked 
| 107|0x000000070d600000, 0x000000070d600000, 0x000000070d800000|  0%| F|  |TAMS 0x000000070d600000| PB 0x000000070d600000| Untracked 
| 108|0x000000070d800000, 0x000000070d800000, 0x000000070da00000|  0%| F|  |TAMS 0x000000070d800000| PB 0x000000070d800000| Untracked 
| 109|0x000000070da00000, 0x000000070da00000, 0x000000070dc00000|  0%| F|  |TAMS 0x000000070da00000| PB 0x000000070da00000| Untracked 
| 110|0x000000070dc00000, 0x000000070dc00000, 0x000000070de00000|  0%| F|  |TAMS 0x000000070dc00000| PB 0x000000070dc00000| Untracked 
| 111|0x000000070de00000, 0x000000070de00000, 0x000000070e000000|  0%| F|  |TAMS 0x000000070de00000| PB 0x000000070de00000| Untracked 
| 112|0x000000070e000000, 0x000000070e000000, 0x000000070e200000|  0%| F|  |TAMS 0x000000070e000000| PB 0x000000070e000000| Untracked 
| 113|0x000000070e200000, 0x000000070e200000, 0x000000070e400000|  0%| F|  |TAMS 0x000000070e200000| PB 0x000000070e200000| Untracked 
| 114|0x000000070e400000, 0x000000070e502b48, 0x000000070e600000| 50%| E|  |TAMS 0x000000070e400000| PB 0x000000070e400000| Complete 
| 115|0x000000070e600000, 0x000000070e800000, 0x000000070e800000|100%| E|CS|TAMS 0x000000070e600000| PB 0x000000070e600000| Complete 
| 116|0x000000070e800000, 0x000000070ea00000, 0x000000070ea00000|100%| E|CS|TAMS 0x000000070e800000| PB 0x000000070e800000| Complete 
| 117|0x000000070ea00000, 0x000000070ec00000, 0x000000070ec00000|100%| E|CS|TAMS 0x000000070ea00000| PB 0x000000070ea00000| Complete 
| 118|0x000000070ec00000, 0x000000070ee00000, 0x000000070ee00000|100%| E|CS|TAMS 0x000000070ec00000| PB 0x000000070ec00000| Complete 
| 119|0x000000070ee00000, 0x000000070f000000, 0x000000070f000000|100%| E|CS|TAMS 0x000000070ee00000| PB 0x000000070ee00000| Complete 
| 120|0x000000070f000000, 0x000000070f200000, 0x000000070f200000|100%| E|CS|TAMS 0x000000070f000000| PB 0x000000070f000000| Complete 
| 121|0x000000070f200000, 0x000000070f400000, 0x000000070f400000|100%| E|CS|TAMS 0x000000070f200000| PB 0x000000070f200000| Complete 
| 122|0x000000070f400000, 0x000000070f600000, 0x000000070f600000|100%| E|CS|TAMS 0x000000070f400000| PB 0x000000070f400000| Complete 
| 123|0x000000070f600000, 0x000000070f800000, 0x000000070f800000|100%| E|CS|TAMS 0x000000070f600000| PB 0x000000070f600000| Complete 
| 124|0x000000070f800000, 0x000000070fa00000, 0x000000070fa00000|100%| E|CS|TAMS 0x000000070f800000| PB 0x000000070f800000| Complete 
| 125|0x000000070fa00000, 0x000000070fc00000, 0x000000070fc00000|100%| E|CS|TAMS 0x000000070fa00000| PB 0x000000070fa00000| Complete 
| 126|0x000000070fc00000, 0x000000070fe00000, 0x000000070fe00000|100%| E|CS|TAMS 0x000000070fc00000| PB 0x000000070fc00000| Complete 
| 127|0x000000070fe00000, 0x0000000710000000, 0x0000000710000000|100%| E|CS|TAMS 0x000000070fe00000| PB 0x000000070fe00000| Complete 
|2047|0x00000007ffe00000, 0x00000007fff05fc8, 0x0000000800000000| 51%| O|  |TAMS 0x00000007ffe00000| PB 0x00000007ffe00000| Untracked 

Card table byte_map: [0x000000010e29c000,0x000000010ea9c000] _byte_map_base: 0x000000010aa9c000

Marking Bits: (CMBitMap*) 0x00007fad6480a810
 Bits: [0x0000000124193000, 0x0000000128193000)

Polling page: 0x0000000108763000

Metaspace:

Usage:
  Non-class:      9.37 MB used.
      Class:      1.14 MB used.
       Both:     10.51 MB used.

Virtual space:
  Non-class space:       64.00 MB reserved,       9.56 MB ( 15%) committed,  1 nodes.
      Class space:        1.00 GB reserved,       1.31 MB ( <1%) committed,  1 nodes.
             Both:        1.06 GB reserved,      10.88 MB ( <1%) committed. 

Chunk freelists:
   Non-Class:  6.39 MB
       Class:  14.68 MB
        Both:  21.07 MB

MaxMetaspaceSize: unlimited
CompressedClassSpaceSize: 1.00 GB
Initial GC threshold: 21.00 MB
Current GC threshold: 21.00 MB
CDS: on
 - commit_granule_bytes: 65536.
 - commit_granule_words: 8192.
 - virtual_space_node_default_size: 8388608.
 - enlarge_chunks_in_place: 1.
 - use_allocation_guard: 0.


Internal statistics:

num_allocs_failed_limit: 0.
num_arena_births: 346.
num_arena_deaths: 0.
num_vsnodes_births: 2.
num_vsnodes_deaths: 0.
num_space_committed: 174.
num_space_uncommitted: 0.
num_chunks_returned_to_freelist: 0.
num_chunks_taken_from_freelist: 428.
num_chunk_merges: 0.
num_chunk_splits: 258.
num_chunks_enlarged: 114.
num_inconsistent_stats: 0.

CodeHeap 'non-profiled nmethods': size=120028Kb used=2964Kb max_used=2964Kb free=117063Kb
 bounds [0x000000011cc5c000, 0x000000011cf4c000, 0x0000000124193000]
CodeHeap 'profiled nmethods': size=120028Kb used=5285Kb max_used=5285Kb free=114742Kb
 bounds [0x0000000115193000, 0x00000001156c3000, 0x000000011c6ca000]
CodeHeap 'non-nmethods': size=5704Kb used=1666Kb max_used=1710Kb free=4038Kb
 bounds [0x000000011c6ca000, 0x000000011c93a000, 0x000000011cc5c000]
CodeCache: size=245760Kb, used=9915Kb, max_used=9959Kb, free=235843Kb
 total_blobs=3784, nmethods=3054, adapters=636, full_count=0
Compilation: enabled, stopped_count=0, restarted_count=0

Compilation events (20 events):
Event: 1319.277 Thread 0x00007fad68099800 3045       3       java.awt.EventDispatchThread::pumpEventsForFilter (47 bytes)
Event: 1319.279 Thread 0x00007fad68099800 nmethod 3045 0x00000001156b7690 code [0x00000001156b7880, 0x00000001156b7d30]
Event: 1342.105 Thread 0x00007fad63811400 3046   !   4       sun.java2d.SunGraphics2D::scaleImage (115 bytes)
Event: 1342.117 Thread 0x00007fad63811400 nmethod 3046 0x000000011cf3ac10 code [0x000000011cf3ae40, 0x000000011cf3b4a0]
Event: 1406.079 Thread 0x00007fad63811400 3047 %s!   4       sun.java2d.metal.MTLRenderQueue$QueueFlusher::run @ 2 (234 bytes)
Event: 1406.113 Thread 0x00007fad63811400 nmethod 3047% 0x000000011cf3bc10 code [0x000000011cf3bf60, 0x000000011cf3d320]
Event: 2188.615 Thread 0x00007fad68099800 3048       3       sun.awt.SunToolkit::awtTryLock (7 bytes)
Event: 2188.618 Thread 0x00007fad68099800 nmethod 3048 0x00000001156b7e90 code [0x00000001156b8040, 0x00000001156b8258]
Event: 2219.167 Thread 0x00007fad63811400 3049 %     4       java.awt.EventDispatchThread::pumpEventsForFilter @ 10 (47 bytes)
Event: 2219.180 Thread 0x00007fad63811400 nmethod 3049% 0x000000011cf3e010 code [0x000000011cf3e1c0, 0x000000011cf3e390]
Event: 2677.186 Thread 0x00007fad68099800 3050 % !   3       javax.swing.TimerQueue::run @ 9 (202 bytes)
Event: 2677.225 Thread 0x00007fad68099800 nmethod 3050% 0x00000001156b8390 code [0x00000001156b86c0, 0x00000001156b9810]
Event: 2723.679 Thread 0x00007fad68099800 3051   !   3       javax.swing.TimerQueue::run (202 bytes)
Event: 2723.686 Thread 0x00007fad68099800 nmethod 3051 0x00000001156ba110 code [0x00000001156ba420, 0x00000001156bb468]
Event: 4511.740 Thread 0x00007fad63811400 3053 % !   4       javax.swing.TimerQueue::run @ 9 (202 bytes)
Event: 4511.898 Thread 0x00007fad63811400 nmethod 3053% 0x000000011cf3e590 code [0x000000011cf3e920, 0x000000011cf3fe80]
Event: 4637.393 Thread 0x00007fad68099800 3054       3       java.util.concurrent.locks.ReentrantLock$Sync::tryLock (63 bytes)
Event: 4637.409 Thread 0x00007fad68099800 nmethod 3054 0x00000001156bbd10 code [0x00000001156bbf20, 0x00000001156bc418]
Event: 4740.868 Thread 0x00007fad63811400 3055       4       java.lang.Thread::interrupted (7 bytes)
Event: 4740.875 Thread 0x00007fad63811400 nmethod 3055 0x000000011cf41010 code [0x000000011cf41180, 0x000000011cf41218]

GC Heap History (20 events):
Event: 4636.520 GC heap before
{Heap before GC invocations=47 (full 0):
 garbage-first heap   total 264192K, used 175838K [0x0000000700000000, 0x0000000800000000)
  region size 2048K, 76 young (155648K), 1 survivors (2048K)
 Metaspace       used 10760K, committed 11136K, reserved 1114112K
  class space    used 1168K, committed 1344K, reserved 1048576K
}
Event: 4636.538 GC heap after
{Heap after GC invocations=48 (full 0):
 garbage-first heap   total 264192K, used 22244K [0x0000000700000000, 0x0000000800000000)
  region size 2048K, 1 young (2048K), 1 survivors (2048K)
 Metaspace       used 10760K, committed 11136K, reserved 1114112K
  class space    used 1168K, committed 1344K, reserved 1048576K
}
Event: 4734.767 GC heap before
{Heap before GC invocations=48 (full 0):
 garbage-first heap   total 264192K, used 175844K [0x0000000700000000, 0x0000000800000000)
  region size 2048K, 76 young (155648K), 1 survivors (2048K)
 Metaspace       used 10760K, committed 11136K, reserved 1114112K
  class space    used 1168K, committed 1344K, reserved 1048576K
}
Event: 4734.774 GC heap after
{Heap after GC invocations=49 (full 0):
 garbage-first heap   total 264192K, used 22243K [0x0000000700000000, 0x0000000800000000)
  region size 2048K, 1 young (2048K), 1 survivors (2048K)
 Metaspace       used 10760K, committed 11136K, reserved 1114112K
  class space    used 1168K, committed 1344K, reserved 1048576K
}
Event: 4840.577 GC heap before
{Heap before GC invocations=49 (full 0):
 garbage-first heap   total 264192K, used 175843K [0x0000000700000000, 0x0000000800000000)
  region size 2048K, 76 young (155648K), 1 survivors (2048K)
 Metaspace       used 10760K, committed 11136K, reserved 1114112K
  class space    used 1168K, committed 1344K, reserved 1048576K
}
Event: 4840.645 GC heap after
{Heap after GC invocations=50 (full 0):
 garbage-first heap   total 264192K, used 22240K [0x0000000700000000, 0x0000000800000000)
  region size 2048K, 1 young (2048K), 1 survivors (2048K)
 Metaspace       used 10760K, committed 11136K, reserved 1114112K
  class space    used 1168K, committed 1344K, reserved 1048576K
}
Event: 4938.120 GC heap before
{Heap before GC invocations=50 (full 0):
 garbage-first heap   total 264192K, used 175840K [0x0000000700000000, 0x0000000800000000)
  region size 2048K, 76 young (155648K), 1 survivors (2048K)
 Metaspace       used 10760K, committed 11136K, reserved 1114112K
  class space    used 1168K, committed 1344K, reserved 1048576K
}
Event: 4938.171 GC heap after
{Heap after GC invocations=51 (full 0):
 garbage-first heap   total 264192K, used 22238K [0x0000000700000000, 0x0000000800000000)
  region size 2048K, 1 young (2048K), 1 survivors (2048K)
 Metaspace       used 10760K, committed 11136K, reserved 1114112K
  class space    used 1168K, committed 1344K, reserved 1048576K
}
Event: 5036.540 GC heap before
{Heap before GC invocations=51 (full 0):
 garbage-first heap   total 264192K, used 175838K [0x0000000700000000, 0x0000000800000000)
  region size 2048K, 76 young (155648K), 1 survivors (2048K)
 Metaspace       used 10760K, committed 11136K, reserved 1114112K
  class space    used 1168K, committed 1344K, reserved 1048576K
}
Event: 5036.546 GC heap after
{Heap after GC invocations=52 (full 0):
 garbage-first heap   total 264192K, used 22241K [0x0000000700000000, 0x0000000800000000)
  region size 2048K, 1 young (2048K), 1 survivors (2048K)
 Metaspace       used 10760K, committed 11136K, reserved 1114112K
  class space    used 1168K, committed 1344K, reserved 1048576K
}
Event: 5147.148 GC heap before
{Heap before GC invocations=52 (full 0):
 garbage-first heap   total 264192K, used 175841K [0x0000000700000000, 0x0000000800000000)
  region size 2048K, 76 young (155648K), 1 survivors (2048K)
 Metaspace       used 10760K, committed 11136K, reserved 1114112K
  class space    used 1168K, committed 1344K, reserved 1048576K
}
Event: 5147.209 GC heap after
{Heap after GC invocations=53 (full 0):
 garbage-first heap   total 264192K, used 22242K [0x0000000700000000, 0x0000000800000000)
  region size 2048K, 1 young (2048K), 1 survivors (2048K)
 Metaspace       used 10760K, committed 11136K, reserved 1114112K
  class space    used 1168K, committed 1344K, reserved 1048576K
}
Event: 5252.436 GC heap before
{Heap before GC invocations=53 (full 0):
 garbage-first heap   total 264192K, used 175842K [0x0000000700000000, 0x0000000800000000)
  region size 2048K, 76 young (155648K), 1 survivors (2048K)
 Metaspace       used 10760K, committed 11136K, reserved 1114112K
  class space    used 1168K, committed 1344K, reserved 1048576K
}
Event: 5252.447 GC heap after
{Heap after GC invocations=54 (full 0):
 garbage-first heap   total 264192K, used 22242K [0x0000000700000000, 0x0000000800000000)
  region size 2048K, 1 young (2048K), 1 survivors (2048K)
 Metaspace       used 10760K, committed 11136K, reserved 1114112K
  class space    used 1168K, committed 1344K, reserved 1048576K
}
Event: 5362.086 GC heap before
{Heap before GC invocations=54 (full 0):
 garbage-first heap   total 264192K, used 175842K [0x0000000700000000, 0x0000000800000000)
  region size 2048K, 76 young (155648K), 1 survivors (2048K)
 Metaspace       used 10760K, committed 11136K, reserved 1114112K
  class space    used 1168K, committed 1344K, reserved 1048576K
}
Event: 5362.102 GC heap after
{Heap after GC invocations=55 (full 0):
 garbage-first heap   total 264192K, used 22242K [0x0000000700000000, 0x0000000800000000)
  region size 2048K, 1 young (2048K), 1 survivors (2048K)
 Metaspace       used 10760K, committed 11136K, reserved 1114112K
  class space    used 1168K, committed 1344K, reserved 1048576K
}
Event: 5465.805 GC heap before
{Heap before GC invocations=55 (full 0):
 garbage-first heap   total 264192K, used 175842K [0x0000000700000000, 0x0000000800000000)
  region size 2048K, 76 young (155648K), 1 survivors (2048K)
 Metaspace       used 10760K, committed 11136K, reserved 1114112K
  class space    used 1168K, committed 1344K, reserved 1048576K
}
Event: 5465.809 GC heap after
{Heap after GC invocations=56 (full 0):
 garbage-first heap   total 264192K, used 22242K [0x0000000700000000, 0x0000000800000000)
  region size 2048K, 1 young (2048K), 1 survivors (2048K)
 Metaspace       used 10760K, committed 11136K, reserved 1114112K
  class space    used 1168K, committed 1344K, reserved 1048576K
}
Event: 5573.096 GC heap before
{Heap before GC invocations=56 (full 0):
 garbage-first heap   total 264192K, used 175842K [0x0000000700000000, 0x0000000800000000)
  region size 2048K, 76 young (155648K), 1 survivors (2048K)
 Metaspace       used 10760K, committed 11136K, reserved 1114112K
  class space    used 1168K, committed 1344K, reserved 1048576K
}
Event: 5573.132 GC heap after
{Heap after GC invocations=57 (full 0):
 garbage-first heap   total 264192K, used 22244K [0x0000000700000000, 0x0000000800000000)
  region size 2048K, 1 young (2048K), 1 survivors (2048K)
 Metaspace       used 10760K, committed 11136K, reserved 1114112K
  class space    used 1168K, committed 1344K, reserved 1048576K
}

Dll operation events (11 events):
Event: 0.029 Loaded shared library /Users/saahibm.singh/.p2/pool/plugins/org.eclipse.justj.openjdk.hotspot.jre.full.macosx.x86_64_21.0.9.v20251105-0741/jre/lib/libjava.dylib
Event: 0.245 Loaded shared library /Users/saahibm.singh/.p2/pool/plugins/org.eclipse.justj.openjdk.hotspot.jre.full.macosx.x86_64_21.0.9.v20251105-0741/jre/lib/libnio.dylib
Event: 0.369 Loaded shared library /Users/saahibm.singh/.p2/pool/plugins/org.eclipse.justj.openjdk.hotspot.jre.full.macosx.x86_64_21.0.9.v20251105-0741/jre/lib/libzip.dylib
Event: 0.380 Loaded shared library /Users/saahibm.singh/.p2/pool/plugins/org.eclipse.justj.openjdk.hotspot.jre.full.macosx.x86_64_21.0.9.v20251105-0741/jre/lib/libnet.dylib
Event: 0.661 Loaded shared library /Users/saahibm.singh/.p2/pool/plugins/org.eclipse.justj.openjdk.hotspot.jre.full.macosx.x86_64_21.0.9.v20251105-0741/jre/lib/libjimage.dylib
Event: 0.677 Loaded shared library /Users/saahibm.singh/.p2/pool/plugins/org.eclipse.justj.openjdk.hotspot.jre.full.macosx.x86_64_21.0.9.v20251105-0741/jre/lib/libzip.dylib
Event: 6.981 Loaded shared library /Users/saahibm.singh/.p2/pool/plugins/org.eclipse.justj.openjdk.hotspot.jre.full.macosx.x86_64_21.0.9.v20251105-0741/jre/lib/libawt.dylib
Event: 7.057 Loaded shared library /Users/saahibm.singh/.p2/pool/plugins/org.eclipse.justj.openjdk.hotspot.jre.full.macosx.x86_64_21.0.9.v20251105-0741/jre/lib/libawt_lwawt.dylib
Event: 7.152 Loaded shared library /Users/saahibm.singh/.p2/pool/plugins/org.eclipse.justj.openjdk.hotspot.jre.full.macosx.x86_64_21.0.9.v20251105-0741/jre/lib/libfontmanager.dylib
Event: 8.955 Loaded shared library /Users/saahibm.singh/.p2/pool/plugins/org.eclipse.justj.openjdk.hotspot.jre.full.macosx.x86_64_21.0.9.v20251105-0741/jre/lib/libosxui.dylib
Event: 9.637 Loaded shared library /Users/saahibm.singh/.p2/pool/plugins/org.eclipse.justj.openjdk.hotspot.jre.full.macosx.x86_64_21.0.9.v20251105-0741/jre/lib/libjsound.dylib

Deoptimization events (20 events):
Event: 930.362 Thread 0x00007fad6581d800 DEOPT PACKING pc=0x000000011ce8fc54 sp=0x0000000305f9e070
Event: 930.366 Thread 0x00007fad6581d800 DEOPT UNPACKING pc=0x000000011c71df93 sp=0x0000000305f9dec0 mode 2
Event: 930.392 Thread 0x00007fad6581d800 Uncommon trap: trap_request=0xffffff45 fr.pc=0x000000011cd4df64 relative=0x00000000000031e4
Event: 930.392 Thread 0x00007fad6581d800 Uncommon trap: reason=unstable_if action=reinterpret pc=0x000000011cd4df64 method=java.awt.font.FontRenderContext.equals(Ljava/awt/font/FontRenderContext;)Z @ 53 c2
Event: 930.392 Thread 0x00007fad6581d800 DEOPT PACKING pc=0x000000011cd4df64 sp=0x0000000305f9da60
Event: 930.396 Thread 0x00007fad6581d800 DEOPT UNPACKING pc=0x000000011c71df93 sp=0x0000000305f9d8a8 mode 2
Event: 930.508 Thread 0x00007fad6581d800 Uncommon trap: trap_request=0xffffff45 fr.pc=0x000000011ce4cb68 relative=0x0000000000000068
Event: 930.508 Thread 0x00007fad6581d800 Uncommon trap: reason=unstable_if action=reinterpret pc=0x000000011ce4cb68 method=java.util.IdentityHashMap.isEmpty()Z @ 4 c2
Event: 930.508 Thread 0x00007fad6581d800 DEOPT PACKING pc=0x000000011ce4cb68 sp=0x0000000305f9f0d0
Event: 930.508 Thread 0x00007fad6581d800 DEOPT UNPACKING pc=0x000000011c71df93 sp=0x0000000305f9f078 mode 2
Event: 930.512 Thread 0x00007fad6581d800 Uncommon trap: trap_request=0xffffff45 fr.pc=0x000000011ce6335c relative=0x00000000000082dc
Event: 930.512 Thread 0x00007fad6581d800 Uncommon trap: reason=unstable_if action=reinterpret pc=0x000000011ce6335c method=javax.swing.RepaintManager.getDoubleBufferMaximumSize()Ljava/awt/Dimension; @ 4 c2
Event: 930.512 Thread 0x00007fad6581d800 DEOPT PACKING pc=0x000000011ce6335c sp=0x0000000305f9ede0
Event: 930.512 Thread 0x00007fad6581d800 DEOPT UNPACKING pc=0x000000011c71df93 sp=0x0000000305f9eb28 mode 2
Event: 1466.349 Thread 0x00007fad681b2200 DEOPT PACKING pc=0x00000001156b12c9 sp=0x0000000305d9a990
Event: 1466.349 Thread 0x00007fad681b2200 DEOPT UNPACKING pc=0x000000011c71e710 sp=0x0000000305d99ef0 mode 0
Event: 2413.143 Thread 0x00007fad6581d800 DEOPT PACKING pc=0x00000001156b7434 sp=0x0000000305f9f460
Event: 2413.145 Thread 0x00007fad6581d800 DEOPT UNPACKING pc=0x000000011c71e710 sp=0x0000000305f9e988 mode 0
Event: 4880.137 Thread 0x00007fad6594f400 DEOPT PACKING pc=0x00000001156b960b sp=0x00000003068d19c0
Event: 4880.137 Thread 0x00007fad6594f400 DEOPT UNPACKING pc=0x000000011c71e710 sp=0x00000003068d0ef0 mode 0

Classes loaded (20 events):
Event: 359.550 Loading class sun/awt/DebugSettings
Event: 359.552 Loading class sun/awt/DebugSettings done
Event: 359.566 Loading class javax/swing/JComponent$KeyboardState
Event: 359.567 Loading class javax/swing/JComponent$KeyboardState done
Event: 359.567 Loading class javax/swing/JComponent$IntVector
Event: 359.567 Loading class javax/swing/JComponent$IntVector done
Event: 359.567 Loading class javax/swing/JMenuBar
Event: 359.568 Loading class javax/swing/JMenuBar done
Event: 359.570 Loading class javax/swing/Popup$HeavyWeightWindow
Event: 359.570 Loading class javax/swing/JWindow
Event: 359.571 Loading class javax/swing/JWindow done
Event: 359.571 Loading class javax/swing/Popup$HeavyWeightWindow done
Event: 924.786 Loading class sun/lwawt/LWWindowPeer$1
Event: 924.795 Loading class sun/lwawt/LWWindowPeer$1 done
Event: 929.427 Loading class java/awt/image/BufferedImage$1
Event: 929.434 Loading class java/awt/image/BufferedImage$1 done
Event: 929.487 Loading class java/util/IdentityHashMap$ValueIterator
Event: 929.500 Loading class java/util/IdentityHashMap$ValueIterator done
Event: 929.624 Loading class javax/swing/RepaintManager$DisplayChangedRunnable
Event: 929.625 Loading class javax/swing/RepaintManager$DisplayChangedRunnable done

Classes unloaded (0 events):
No events

Classes redefined (0 events):
No events

Internal exceptions (20 events):
Event: 13.924 Thread 0x00007fad6581d800 Exception <a 'java/lang/NoSuchMethodError'{0x000000070f5fa2b8}: 'void java.lang.invoke.DirectMethodHandle$Holder.invokeStatic(java.lang.Object, java.lang.Object)'> (0x000000070f5fa2b8) 
thrown [src/hotspot/share/interpreter/linkResolver.cpp, line 773]
Event: 19.983 Thread 0x00007fad6581d800 Exception <a 'java/lang/NoSuchMethodError'{0x000000070f240ea0}: 'java.lang.Object java.lang.invoke.DirectMethodHandle$Holder.newInvokeSpecial(java.lang.Object, java.lang.Object, java.lang.Object, java.lang.Object, java.lang.Object, java.lang.Object, java.lang.Object, java.lang.Object)'> (0x000000070f240ea0) 
thrown [src/hotspot/share/interpreter/linkResolver.cpp, line 773]
Event: 19.999 Thread 0x00007fad6581d800 Exception <a 'java/lang/NoSuchMethodError'{0x000000070f3abf48}: 'java.lang.Object java.lang.invoke.DirectMethodHandle$Holder.newInvokeSpecial(java.lang.Object, java.lang.Object, java.lang.Object, java.lang.Object, java.lang.Object, java.lang.Object, java.lang.Object, java.lang.Object, java.lang.Object)'> (0x000000070f3abf48) 
thrown [src/hotspot/share/interpreter/linkResolver.cpp, line 773]
Event: 21.787 Thread 0x00007fad6581d800 Exception <a 'java/lang/NoSuchMethodError'{0x000000070ecc3570}: 'java.lang.Object java.lang.invoke.DirectMethodHandle$Holder.invokeSpecial(java.lang.Object, java.lang.Object, java.lang.Object, java.lang.Object, int)'> (0x000000070ecc3570) 
thrown [src/hotspot/share/interpreter/linkResolver.cpp, line 773]
Event: 21.788 Thread 0x00007fad6581d800 Exception <a 'java/lang/NoSuchMethodError'{0x000000070ecc6ed8}: 'java.lang.Object java.lang.invoke.Invokers$Holder.linkToTargetMethod(java.lang.Object, java.lang.Object, int, java.lang.Object)'> (0x000000070ecc6ed8) 
thrown [src/hotspot/share/interpreter/linkResolver.cpp, line 773]
Event: 25.572 Thread 0x00007fad6581d800 Exception <a 'java/lang/NoSuchMethodError'{0x000000070fb9b648}: 'int java.lang.invoke.DirectMethodHandle$Holder.invokeStatic(java.lang.Object)'> (0x000000070fb9b648) 
thrown [src/hotspot/share/interpreter/linkResolver.cpp, line 773]
Event: 31.224 Thread 0x00007fad680cd800 Implicit null exception at 0x000000011cd08d18 to 0x000000011cd0b100
Event: 31.394 Thread 0x00007fad6581d800 Exception <a 'java/lang/NoSuchMethodError'{0x000000070ecb6460}: 'java.lang.Object java.lang.invoke.DirectMethodHandle$Holder.invokeSpecial(java.lang.Object, java.lang.Object, double, double)'> (0x000000070ecb6460) 
thrown [src/hotspot/share/interpreter/linkResolver.cpp, line 773]
Event: 31.407 Thread 0x00007fad6581d800 Exception <a 'java/lang/NoSuchMethodError'{0x000000070eccbcb8}: 'java.lang.Object java.lang.invoke.DirectMethodHandle$Holder.newInvokeSpecial(java.lang.Object, java.lang.Object, int, int)'> (0x000000070eccbcb8) 
thrown [src/hotspot/share/interpreter/linkResolver.cpp, line 773]
Event: 31.409 Thread 0x00007fad6581d800 Exception <a 'java/lang/NoSuchMethodError'{0x000000070ecdc998}: 'java.lang.Object java.lang.invoke.DirectMethodHandle$Holder.newInvokeSpecial(java.lang.Object, java.lang.Object, int, int, int, int)'> (0x000000070ecdc998) 
thrown [src/hotspot/share/interpreter/linkResolver.cpp, line 773]
Event: 303.003 Thread 0x00007fad6581d800 Implicit null exception at 0x000000011cd71f70 to 0x000000011cd74290
Event: 928.441 Thread 0x00007fad680cd800 Implicit null exception at 0x000000011ce9abc3 to 0x000000011ce9cef8
Event: 929.849 Thread 0x00007fad6581d800 Implicit null exception at 0x000000011cdf2cb0 to 0x000000011cdf2fc0
Event: 929.852 Thread 0x00007fad6581d800 Implicit null exception at 0x000000011ce28b4e to 0x000000011ce2ae0c
Event: 930.010 Thread 0x00007fad6581d800 Implicit null exception at 0x000000011cd8b9cd to 0x000000011cd8beac
Event: 930.023 Thread 0x00007fad6581d800 Implicit null exception at 0x000000011cd102c5 to 0x000000011cd105fc
Event: 930.061 Thread 0x00007fad6581d800 Implicit null exception at 0x000000011ce97bcf to 0x000000011ce97c28
Event: 930.107 Thread 0x00007fad6581d800 Implicit null exception at 0x000000011ce980df to 0x000000011ce98140
Event: 930.392 Thread 0x00007fad6581d800 Implicit null exception at 0x000000011cd4b51f to 0x000000011cd4df3c
Event: 930.512 Thread 0x00007fad6581d800 Implicit null exception at 0x000000011ce5bd33 to 0x000000011ce63308

ZGC Phase Switch (0 events):
No events

VM Operations (20 events):
Event: 5411.756 Executing VM operation: HandshakeAllThreads (HandshakeForDeflation)
Event: 5411.771 Executing VM operation: HandshakeAllThreads (HandshakeForDeflation) done
Event: 5411.771 Executing VM operation: RendezvousGCThreads
Event: 5411.771 Executing VM operation: RendezvousGCThreads done
Event: 5465.804 Executing VM operation: G1CollectForAllocation (G1 Evacuation Pause)
Event: 5465.809 Executing VM operation: G1CollectForAllocation (G1 Evacuation Pause) done
Event: 5471.809 Executing VM operation: HandshakeAllThreads (HandshakeForDeflation)
Event: 5471.810 Executing VM operation: HandshakeAllThreads (HandshakeForDeflation) done
Event: 5471.810 Executing VM operation: RendezvousGCThreads
Event: 5471.810 Executing VM operation: RendezvousGCThreads done
Event: 5531.984 Executing VM operation: HandshakeAllThreads (HandshakeForDeflation)
Event: 5531.985 Executing VM operation: HandshakeAllThreads (HandshakeForDeflation) done
Event: 5531.985 Executing VM operation: RendezvousGCThreads
Event: 5531.985 Executing VM operation: RendezvousGCThreads done
Event: 5573.095 Executing VM operation: G1CollectForAllocation (G1 Evacuation Pause)
Event: 5573.132 Executing VM operation: G1CollectForAllocation (G1 Evacuation Pause) done
Event: 5592.095 Executing VM operation: HandshakeAllThreads (HandshakeForDeflation)
Event: 5592.153 Executing VM operation: HandshakeAllThreads (HandshakeForDeflation) done
Event: 5592.153 Executing VM operation: RendezvousGCThreads
Event: 5592.153 Executing VM operation: RendezvousGCThreads done

Memory protections (20 events):
Event: 29.635 Protecting memory [0x000000030758a000,0x000000030758e000] with protection modes 0
Event: 30.134 Protecting memory [0x000000030768d000,0x0000000307691000] with protection modes 0
Event: 30.935 Protecting memory [0x0000000307790000,0x0000000307794000] with protection modes 0
Event: 30.960 Protecting memory [0x0000000307893000,0x0000000307897000] with protection modes 0
Event: 30.962 Protecting memory [0x0000000307996000,0x000000030799a000] with protection modes 0
Event: 30.966 Protecting memory [0x0000000307a99000,0x0000000307a9d000] with protection modes 0
Event: 34.338 Protecting memory [0x0000000307c23000,0x0000000307c27000] with protection modes 0
Event: 35.504 Protecting memory [0x0000000307d26000,0x0000000307d2a000] with protection modes 0
Event: 41.035 Protecting memory [0x0000000307e29000,0x0000000307e2d000] with protection modes 0
Event: 42.160 Protecting memory [0x0000000307f2c000,0x0000000307f30000] with protection modes 0
Event: 42.870 Protecting memory [0x000000030802f000,0x0000000308033000] with protection modes 0
Event: 43.503 Protecting memory [0x0000000308132000,0x0000000308136000] with protection modes 0
Event: 44.036 Protecting memory [0x0000000308235000,0x0000000308239000] with protection modes 0
Event: 44.671 Protecting memory [0x0000000308338000,0x000000030833c000] with protection modes 0
Event: 45.735 Protecting memory [0x000000030843b000,0x000000030843f000] with protection modes 0
Event: 46.648 Protecting memory [0x000000030853e000,0x0000000308542000] with protection modes 0
Event: 47.267 Protecting memory [0x0000000308641000,0x0000000308645000] with protection modes 0
Event: 47.703 Protecting memory [0x0000000308744000,0x0000000308748000] with protection modes 0
Event: 48.101 Protecting memory [0x0000000308847000,0x000000030884b000] with protection modes 0
Event: 48.110 Protecting memory [0x000000030894a000,0x000000030894e000] with protection modes 0

Nmethod flushes (0 events):
No events

Events (20 events):
Event: 29.635 Thread 0x00007fad6581d800 Thread added: 0x00007fad65a16200
Event: 30.134 Thread 0x00007fad6581d800 Thread added: 0x00007fad67836e00
Event: 30.935 Thread 0x00007fad6581d800 Thread added: 0x00007fad67920200
Event: 30.960 Thread 0x00007fad6581d800 Thread added: 0x00007fad683c5000
Event: 30.962 Thread 0x00007fad6581d800 Thread added: 0x00007fad684d0600
Event: 30.966 Thread 0x00007fad6581d800 Thread added: 0x00007fad67aba200
Event: 34.337 Thread 0x00007fad6581d800 Thread added: 0x00007fad680cc800
Event: 35.504 Thread 0x00007fad6581d800 Thread added: 0x00007fad6866cc00
Event: 41.035 Thread 0x00007fad6581d800 Thread added: 0x00007fad6594e400
Event: 42.160 Thread 0x00007fad6581d800 Thread added: 0x00007fad683d2a00
Event: 42.870 Thread 0x00007fad6581d800 Thread added: 0x00007fad67c0f200
Event: 43.503 Thread 0x00007fad6581d800 Thread added: 0x00007fad6783f200
Event: 44.036 Thread 0x00007fad6581d800 Thread added: 0x00007fad67b05a00
Event: 44.671 Thread 0x00007fad6581d800 Thread added: 0x00007fad67c1f800
Event: 45.735 Thread 0x00007fad6581d800 Thread added: 0x00007fad67888e00
Event: 46.648 Thread 0x00007fad6581d800 Thread added: 0x00007fad67c59200
Event: 47.267 Thread 0x00007fad6581d800 Thread added: 0x00007fad684d8000
Event: 47.703 Thread 0x00007fad6581d800 Thread added: 0x00007fad67c59a00
Event: 48.101 Thread 0x00007fad6581d800 Thread added: 0x00007fad67932e00
Event: 48.110 Thread 0x00007fad6581d800 Thread added: 0x00007fad65819000


Dynamic libraries:
0x000000010870a000 	/Users/saahibm.singh/.p2/pool/plugins/org.eclipse.justj.openjdk.hotspot.jre.full.macosx.x86_64_21.0.9.v20251105-0741/jre/lib/libjli.dylib
0x00007ff918dce000 	/System/Library/Frameworks/Cocoa.framework/Versions/A/Cocoa
0x00007ff81f122000 	/System/Library/Frameworks/AppKit.framework/Versions/C/AppKit
0x00007ff8229f5000 	/System/Library/Frameworks/CoreData.framework/Versions/A/CoreData
0x00007ff81c52c000 	/System/Library/Frameworks/Foundation.framework/Versions/C/Foundation
0x00007ff82b463000 	/usr/lib/libSystem.B.dylib
0x00007ff82091d000 	/System/Library/PrivateFrameworks/UIFoundation.framework/Versions/A/UIFoundation
0x00007ffb32b43000 	/System/Library/PrivateFrameworks/CollectionViewCore.framework/Versions/A/CollectionViewCore
0x00007ff82838b000 	/System/Library/PrivateFrameworks/XCTTargetBootstrap.framework/Versions/A/XCTTargetBootstrap
0x00007ff82e2ac000 	/System/Library/PrivateFrameworks/InternationalSupport.framework/Versions/A/InternationalSupport
0x00007ff82e5fe000 	/System/Library/PrivateFrameworks/UserActivity.framework/Versions/A/UserActivity
0x00007ff823124000 	/System/Library/PrivateFrameworks/BaseBoard.framework/Versions/A/BaseBoard
0x00007ffc1ab81000 	/System/Library/PrivateFrameworks/FrontBoard.framework/Versions/A/FrontBoard
0x00007ff836142000 	/System/Library/PrivateFrameworks/FrontBoardServices.framework/Versions/A/FrontBoardServices
0x00007ffd3302a000 	/usr/lib/libRosetta.dylib
0x00007ffd26d0a000 	/System/Library/PrivateFrameworks/UIIntelligenceSupport.framework/Versions/A/UIIntelligenceSupport
0x00007ffb286cd000 	/System/Library/Frameworks/SwiftUICore.framework/Versions/A/SwiftUICore
0x00007ffd2cc06000 	/System/Library/PrivateFrameworks/WritingTools.framework/Versions/A/WritingTools
0x00007ffd2bb9a000 	/System/Library/PrivateFrameworks/WindowManagement.framework/Versions/A/WindowManagement
0x00007ff81c1b7000 	/System/Library/Frameworks/SystemConfiguration.framework/Versions/A/SystemConfiguration
0x00007ff82d4c0000 	/usr/lib/libspindump.dylib
0x00007ff820b03000 	/System/Library/Frameworks/UniformTypeIdentifiers.framework/Versions/A/UniformTypeIdentifiers
0x00007ff82a5ea000 	/usr/lib/libbsm.0.dylib
0x00007ff825c70000 	/usr/lib/libapp_launch_measurement.dylib
0x00007ff824831000 	/System/Library/PrivateFrameworks/CoreAnalytics.framework/Versions/A/CoreAnalytics
0x00007ff825c73000 	/System/Library/PrivateFrameworks/CoreAutoLayout.framework/Versions/A/CoreAutoLayout
0x00007ff82790e000 	/System/Library/Frameworks/Metal.framework/Versions/A/Metal
0x00007ff828d38000 	/usr/lib/liblangid.dylib
0x00007ff828390000 	/System/Library/PrivateFrameworks/CoreSVG.framework/Versions/A/CoreSVG
0x00007ff821573000 	/System/Library/PrivateFrameworks/SkyLight.framework/Versions/A/SkyLight
0x00007ffc1a8da000 	/System/Library/PrivateFrameworks/FocusEngine.framework/Versions/A/FocusEngine
0x00007ff821ab5000 	/System/Library/Frameworks/CoreGraphics.framework/Versions/A/CoreGraphics
0x00007ffc18848000 	/System/Library/PrivateFrameworks/DesignLibrary.framework/Versions/A/DesignLibrary
0x00007ff834155000 	/System/Library/Frameworks/Accelerate.framework/Versions/A/Accelerate
0x00007ff82d2b2000 	/System/Library/PrivateFrameworks/IconServices.framework/Versions/A/IconServices
0x00007ff8278ea000 	/System/Library/Frameworks/IOSurface.framework/Versions/A/IOSurface
0x00007ff82485f000 	/usr/lib/libDiagnosticMessagesClient.dylib
0x00007ff82b36e000 	/usr/lib/libz.1.dylib
0x00007ff83872e000 	/System/Library/Frameworks/ApplicationServices.framework/Versions/A/ApplicationServices
0x00007ff828378000 	/System/Library/PrivateFrameworks/DFRFoundation.framework/Versions/A/DFRFoundation
0x00007ff81e9c3000 	/usr/lib/libicucore.A.dylib
0x00007ff82f7ac000 	/System/Library/Frameworks/AudioToolbox.framework/Versions/A/AudioToolbox
0x00007ff82e5b5000 	/System/Library/PrivateFrameworks/DataDetectorsCore.framework/Versions/A/DataDetectorsCore
0x00007ffd277f8000 	/System/Library/PrivateFrameworks/UpdateCycle.framework/Versions/A/UpdateCycle
0x00007ff92a5c1000 	/System/Library/PrivateFrameworks/TextInput.framework/Versions/A/TextInput
0x00007ff8214be000 	/usr/lib/libMobileGestalt.dylib
0x00007ff828099000 	/System/Library/Frameworks/Carbon.framework/Versions/A/Frameworks/HIToolbox.framework/Versions/A/HIToolbox
0x00007ff825504000 	/System/Library/Frameworks/QuartzCore.framework/Versions/A/QuartzCore
0x00007ff81e5c4000 	/System/Library/Frameworks/Security.framework/Versions/A/Security
0x00007ff833ac8000 	/System/Library/Frameworks/Carbon.framework/Versions/A/Frameworks/SpeechRecognition.framework/Versions/A/SpeechRecognition
0x00007ff825941000 	/System/Library/PrivateFrameworks/CoreUI.framework/Versions/A/CoreUI
0x00007ff81de1b000 	/System/Library/Frameworks/CoreAudio.framework/Versions/A/CoreAudio
0x00007ff82494d000 	/System/Library/Frameworks/DiskArbitration.framework/Versions/A/DiskArbitration
0x00007ff82d94a000 	/System/Library/PrivateFrameworks/MultitouchSupport.framework/Versions/A/MultitouchSupport
0x00007ff8214bd000 	/usr/lib/libenergytrace.dylib
0x00007ff91dbc9000 	/System/Library/PrivateFrameworks/RenderBox.framework/Versions/A/RenderBox
0x00007ff81efe9000 	/System/Library/Frameworks/IOKit.framework/Versions/A/IOKit
0x00007ff833ee2000 	/System/Library/Frameworks/CoreServices.framework/Versions/A/CoreServices
0x00007ff825c08000 	/System/Library/PrivateFrameworks/PerformanceAnalysis.framework/Versions/A/PerformanceAnalysis
0x00007ffb20977000 	/System/Library/Frameworks/OpenGL.framework/Versions/A/OpenGL
0x00007ff825cbd000 	/usr/lib/libxml2.2.dylib
0x00007ff82a4d9000 	/System/Library/PrivateFrameworks/MobileKeyBag.framework/Versions/A/MobileKeyBag
0x00007ff81ae9d000 	/usr/lib/libobjc.A.dylib
0x00007ff81b208000 	/usr/lib/libc++.1.dylib
0x00007ff833e59000 	/System/Library/Frameworks/Accessibility.framework/Versions/A/Accessibility
0x00007ff8223d5000 	/System/Library/Frameworks/ColorSync.framework/Versions/A/ColorSync
0x00007ff81b32f000 	/System/Library/Frameworks/CoreFoundation.framework/Versions/A/CoreFoundation
0x00007ff828711000 	/System/Library/Frameworks/CoreImage.framework/Versions/A/CoreImage
0x00007ff81dbd8000 	/System/Library/Frameworks/CoreText.framework/Versions/A/CoreText
0x00007ffb2301c000 	/System/Library/Frameworks/CoreTransferable.framework/Versions/A/CoreTransferable
0x00007ffb23480000 	/System/Library/Frameworks/DataDetection.framework/Versions/A/DataDetection
0x00007ffb23492000 	/System/Library/Frameworks/DeveloperToolsSupport.framework/Versions/A/DeveloperToolsSupport
0x00007ff8283cb000 	/System/Library/Frameworks/ImageIO.framework/Versions/A/ImageIO
0x00007ffb295c3000 	/System/Library/Frameworks/Symbols.framework/Versions/A/Symbols
0x00007ff92f455000 	/System/Library/PrivateFrameworks/AttributeGraph.framework/Versions/A/AttributeGraph
0x00007ff836222000 	/System/Library/PrivateFrameworks/BoardServices.framework/Versions/A/BoardServices
0x00007ffa339db000 	/System/Library/PrivateFrameworks/FeatureFlags.framework/Versions/A/FeatureFlags
0x00007ffc236c6000 	/System/Library/PrivateFrameworks/Gestures.framework/Versions/A/Gestures
0x00007ff82b468000 	/System/Library/PrivateFrameworks/SoftLinking.framework/Versions/A/SoftLinking
0x00007ffa1e1b9000 	/usr/lib/swift/libswiftAccelerate.dylib
0x00007ff9346f4000 	/usr/lib/swift/libswiftCompression.dylib
0x00007ff82f1be000 	/usr/lib/swift/libswiftCore.dylib
0x00007ff9266fb000 	/usr/lib/swift/libswiftCoreFoundation.dylib
0x00007ff926748000 	/usr/lib/swift/libswiftCoreImage.dylib
0x00007ff835ed8000 	/usr/lib/swift/libswiftDispatch.dylib
0x00007ff926749000 	/usr/lib/swift/libswiftIOKit.dylib
0x00007ff9346e7000 	/usr/lib/swift/libswiftMetal.dylib
0x00007ffa238fd000 	/usr/lib/swift/libswiftOSLog.dylib
0x00007ff838cae000 	/usr/lib/swift/libswiftObjectiveC.dylib
0x00007ffd3434f000 	/usr/lib/swift/libswiftObservation.dylib
0x00007ffa198ab000 	/usr/lib/swift/libswiftQuartzCore.dylib
0x00007ffd344b6000 	/usr/lib/swift/libswiftSynchronization.dylib
0x00007ffa1e1aa000 	/usr/lib/swift/libswiftUniformTypeIdentifiers.dylib
0x00007ff92670b000 	/usr/lib/swift/libswiftXPC.dylib
0x00007ffd344ec000 	/usr/lib/swift/libswift_Builtin_float.dylib
0x00007ffd344ef000 	/usr/lib/swift/libswift_Concurrency.dylib
0x00007ff838cb2000 	/usr/lib/swift/libswiftos.dylib
0x00007ff92a394000 	/usr/lib/swift/libswiftsimd.dylib
0x00007ff82b65e000 	/usr/lib/libcompression.dylib
0x00007ff82e1ee000 	/System/Library/PrivateFrameworks/TextureIO.framework/Versions/A/TextureIO
0x00007ff822580000 	/System/Library/Frameworks/ApplicationServices.framework/Versions/A/Frameworks/HIServices.framework/Versions/A/HIServices
0x00007ff82ce96000 	/usr/lib/libate.dylib
0x00007ff82b45d000 	/usr/lib/system/libcache.dylib
0x00007ff82b415000 	/usr/lib/system/libcommonCrypto.dylib
0x00007ff82b43f000 	/usr/lib/system/libcompiler_rt.dylib
0x00007ff82b433000 	/usr/lib/system/libcopyfile.dylib
0x00007ff81b027000 	/usr/lib/system/libcorecrypto.dylib
0x00007ff81b133000 	/usr/lib/system/libdispatch.dylib
0x00007ff81aee2000 	/usr/lib/system/libdyld.dylib
0x00007ff82b453000 	/usr/lib/system/libkeymgr.dylib
0x00007ff82b3fa000 	/usr/lib/system/libmacho.dylib
0x00007ff82a5c5000 	/usr/lib/system/libquarantine.dylib
0x00007ff82b450000 	/usr/lib/system/libremovefile.dylib
0x00007ff821539000 	/usr/lib/system/libsystem_asl.dylib
0x00007ff81afb0000 	/usr/lib/system/libsystem_blocks.dylib
0x00007ff81b17e000 	/usr/lib/system/libsystem_c.dylib
0x00007ff82b447000 	/usr/lib/system/libsystem_collections.dylib
0x00007ff828d27000 	/usr/lib/system/libsystem_configuration.dylib
0x00007ff8278b3000 	/usr/lib/system/libsystem_containermanager.dylib
0x00007ff82aec4000 	/usr/lib/system/libsystem_coreservices.dylib
0x00007ff81ec6e000 	/usr/lib/system/libsystem_darwin.dylib
0x00007ffd34829000 	/usr/lib/system/libsystem_darwindirectory.dylib
0x00007ff82b454000 	/usr/lib/system/libsystem_dnssd.dylib
0x00007ffd3482e000 	/usr/lib/system/libsystem_eligibility.dylib
0x00007ff81b17b000 	/usr/lib/system/libsystem_featureflags.dylib
0x00007ff81b300000 	/usr/lib/system/libsystem_info.dylib
0x00007ff82b382000 	/usr/lib/system/libsystem_m.dylib
0x00007ff81b0e6000 	/usr/lib/system/libsystem_malloc.dylib
0x00007ff8214a3000 	/usr/lib/system/libsystem_networkextension.dylib
0x00007ff81f0b6000 	/usr/lib/system/libsystem_notify.dylib
0x00007ff828d2b000 	/usr/lib/system/libsystem_sandbox.dylib
0x00007ffd34838000 	/usr/lib/system/libsystem_sanitizers.dylib
0x00007ff82b44c000 	/usr/lib/system/libsystem_secinit.dylib
0x00007ff81b2ab000 	/usr/lib/system/libsystem_kernel.dylib
0x00007ff81b2f6000 	/usr/lib/system/libsystem_platform.dylib
0x00007ff81b2e9000 	/usr/lib/system/libsystem_pthread.dylib
0x00007ff823300000 	/usr/lib/system/libsystem_symptoms.dylib
0x00007ff81b007000 	/usr/lib/system/libsystem_trace.dylib
0x00007ffd34841000 	/usr/lib/system/libsystem_trial.dylib
0x00007ff82b422000 	/usr/lib/system/libunwind.dylib
0x00007ff81afb4000 	/usr/lib/system/libxpc.dylib
0x00007ff81b293000 	/usr/lib/libc++abi.dylib
0x00007ffd340d5000 	/usr/lib/libswiftPrespecialized.dylib
0x00007ff82b465000 	/usr/lib/libfakelink.dylib
0x00007ff82110d000 	/System/Library/Frameworks/CFNetwork.framework/Versions/A/CFNetwork
0x00007ff82b4b6000 	/usr/lib/libarchive.2.dylib
0x00007ff8319b5000 	/System/Library/Frameworks/Combine.framework/Versions/A/Combine
0x00007ffb32b6a000 	/System/Library/PrivateFrameworks/CollectionsInternal.framework/Versions/A/CollectionsInternal
0x00007ffc3752a000 	/System/Library/PrivateFrameworks/ReflectionInternal.framework/Versions/A/ReflectionInternal
0x00007ffc3826c000 	/System/Library/PrivateFrameworks/RuntimeInternal.framework/Versions/A/RuntimeInternal
0x00007ff923807000 	/usr/lib/swift/libswiftDarwin.dylib
0x00007ffd344be000 	/usr/lib/swift/libswiftSystem.dylib
0x00007ffd3455c000 	/usr/lib/swift/libswift_DarwinFoundation1.dylib
0x00007ffd34643000 	/usr/lib/swift/libswift_StringProcessing.dylib
0x00007ff81ef68000 	/System/Library/PrivateFrameworks/CoreServicesInternal.framework/Versions/A/CoreServicesInternal
0x00007ff82b42b000 	/usr/lib/liboah.dylib
0x00007ff8381e5000 	/System/Library/PrivateFrameworks/DiskImages.framework/Versions/A/DiskImages
0x00007ff9232cb000 	/System/Library/Frameworks/NetFS.framework/Versions/A/NetFS
0x00007ff825c3b000 	/System/Library/Frameworks/CoreServices.framework/Versions/A/Frameworks/FSEvents.framework/Versions/A/FSEvents
0x00007ff81ec79000 	/System/Library/Frameworks/CoreServices.framework/Versions/A/Frameworks/CarbonCore.framework/Versions/A/CarbonCore
0x00007ff8248c3000 	/System/Library/Frameworks/CoreServices.framework/Versions/A/Frameworks/Metadata.framework/Versions/A/Metadata
0x00007ff82aecb000 	/System/Library/Frameworks/CoreServices.framework/Versions/A/Frameworks/OSServices.framework/Versions/A/OSServices
0x00007ff82b591000 	/System/Library/Frameworks/CoreServices.framework/Versions/A/Frameworks/SearchKit.framework/Versions/A/SearchKit
0x00007ff82327e000 	/System/Library/Frameworks/CoreServices.framework/Versions/A/Frameworks/AE.framework/Versions/A/AE
0x00007ff81b7e9000 	/System/Library/Frameworks/CoreServices.framework/Versions/A/Frameworks/LaunchServices.framework/Versions/A/LaunchServices
0x00007ff82cbcd000 	/System/Library/Frameworks/CoreServices.framework/Versions/A/Frameworks/DictionaryServices.framework/Versions/A/DictionaryServices
0x00007ff825c49000 	/System/Library/Frameworks/CoreServices.framework/Versions/A/Frameworks/SharedFileList.framework/Versions/A/SharedFileList
0x00007ff82b613000 	/usr/lib/libapple_nghttp2.dylib
0x00007ff822e9b000 	/usr/lib/libsqlite3.dylib
0x00007ff83841f000 	/System/Library/PrivateFrameworks/AppSupport.framework/Versions/A/AppSupport
0x00007ff82fe21000 	/System/Library/Frameworks/GSS.framework/Versions/A/GSS
0x00007ff823216000 	/System/Library/PrivateFrameworks/RunningBoardServices.framework/Versions/A/RunningBoardServices
0x00007ff838c3b000 	/System/Library/PrivateFrameworks/StreamingZip.framework/Versions/A/StreamingZip
0x00007ff823308000 	/System/Library/Frameworks/Network.framework/Versions/A/Network
0x00007ff82b3fe000 	/usr/lib/system/libkxld.dylib
0x00007ffb2e8f9000 	/System/Library/PrivateFrameworks/AppleKeyStore.framework/Versions/A/AppleKeyStore
0x00007ffd32d82000 	/usr/lib/libCoreEntitlements.dylib
0x00007ffc2df26000 	/System/Library/PrivateFrameworks/MessageSecurity.framework/Versions/A/MessageSecurity
0x00007ff822e7f000 	/System/Library/PrivateFrameworks/ProtocolBuffer.framework/Versions/A/ProtocolBuffer
0x00007ff834f81000 	/System/Library/PrivateFrameworks/SymptomDiagnosticReporter.framework/Versions/A/SymptomDiagnosticReporter
0x00007ff82cfcd000 	/System/Library/PrivateFrameworks/CrashReporterSupport.framework/Versions/A/CrashReporterSupport
0x00007ff82aeaa000 	/System/Library/PrivateFrameworks/AppleFSCompression.framework/Versions/A/AppleFSCompression
0x00007ff82a5d2000 	/usr/lib/libcoretls.dylib
0x00007ff82cc3c000 	/usr/lib/libcoretls_cfhelpers.dylib
0x00007ff82b658000 	/usr/lib/libpam.2.dylib
0x00007ff82ccb5000 	/usr/lib/libxar.1.dylib
0x00007ff82cc3e000 	/System/Library/PrivateFrameworks/APFS.framework/Versions/A/APFS
0x00007ffd21b49000 	/System/Library/PrivateFrameworks/SwiftASN1Internal.framework/Versions/A/SwiftASN1Internal
0x00007ff82ccc3000 	/usr/lib/libutil.dylib
0x00007ff828d33000 	/System/Library/PrivateFrameworks/AppleSystemInfo.framework/Versions/A/AppleSystemInfo
0x00007ff82a2d3000 	/System/Library/PrivateFrameworks/IOMobileFramebuffer.framework/Versions/A/IOMobileFramebuffer
0x00007ff9265c7000 	/System/Library/PrivateFrameworks/LoggingSupport.framework/Versions/A/LoggingSupport
0x00007ff82fe79000 	/System/Library/PrivateFrameworks/MobileAsset.framework/Versions/A/MobileAsset
0x00007ff834f90000 	/System/Library/PrivateFrameworks/PowerLog.framework/Versions/A/PowerLog
0x00007ffb2857b000 	/System/Library/Frameworks/SwiftData.framework/Versions/A/SwiftData
0x00007ff825e53000 	/System/Library/PrivateFrameworks/UserManagement.framework/Versions/A/UserManagement
0x00007ff821030000 	/usr/lib/libboringssl.dylib
0x00007ff8232ef000 	/usr/lib/libdns_services.dylib
0x00007ff925672000 	/usr/lib/libquic.dylib
0x00007ff82f148000 	/usr/lib/libusrtcp.dylib
0x00007ffb2f68b000 	/System/Library/PrivateFrameworks/AtomicsInternal.framework/Versions/A/AtomicsInternal
0x00007ffa2c190000 	/System/Library/PrivateFrameworks/InternalSwiftProtobuf.framework/Versions/A/InternalSwiftProtobuf
0x00007ffd34329000 	/usr/lib/swift/libswiftDistributed.dylib
0x00007ff828d32000 	/System/Library/PrivateFrameworks/AggregateDictionary.framework/Versions/A/AggregateDictionary
0x00007ffb2fd0c000 	/System/Library/PrivateFrameworks/BiomeLibrary.framework/Versions/A/BiomeLibrary
0x00007ff935685000 	/System/Library/PrivateFrameworks/BiomeStreams.framework/Versions/A/BiomeStreams
0x00007ff93155b000 	/System/Library/PrivateFrameworks/BiomeFoundation.framework/Versions/A/BiomeFoundation
0x00007ffa1b6e0000 	/System/Library/PrivateFrameworks/BiomePubSub.framework/Versions/A/BiomePubSub
0x00007ff839d38000 	/System/Library/PrivateFrameworks/ProactiveSupport.framework/Versions/A/ProactiveSupport
0x00007ff82cc1c000 	/usr/lib/liblzma.5.dylib
0x00007ff83872f000 	/System/Library/PrivateFrameworks/InternationalTextSearch.framework/Versions/A/InternationalTextSearch
0x00007ff92dd50000 	/System/Library/PrivateFrameworks/SoftwareUpdateCoreSupport.framework/Versions/A/SoftwareUpdateCoreSupport
0x00007ff936017000 	/System/Library/PrivateFrameworks/SoftwareUpdateCoreConnect.framework/Versions/A/SoftwareUpdateCoreConnect
0x00007ff8382cf000 	/System/Library/PrivateFrameworks/RemoteServiceDiscovery.framework/Versions/A/RemoteServiceDiscovery
0x00007ff92d92d000 	/System/Library/PrivateFrameworks/MSUDataAccessor.framework/Versions/A/MSUDataAccessor
0x00007ff9288f3000 	/usr/lib/libbootpolicy.dylib
0x00007ff8382e6000 	/System/Library/PrivateFrameworks/RemoteXPC.framework/Versions/A/RemoteXPC
0x00007ff935535000 	/usr/lib/libFDR.dylib
0x00007ffa1b33a000 	/usr/lib/libamsupport.dylib
0x00007ffb2e196000 	/System/Library/PrivateFrameworks/AppleDeviceQuerySupport.framework/Versions/A/AppleDeviceQuerySupport
0x00007ffa1e3a9000 	/usr/lib/libpartition2_dynamic.dylib
0x00007ff82b5f1000 	/System/Library/PrivateFrameworks/AppleSauce.framework/Versions/A/AppleSauce
0x00007ffd32c02000 	/usr/lib/libAppleArchive.dylib
0x00007ff82aeb5000 	/usr/lib/libbz2.1.0.dylib
0x00007ff824955000 	/System/Library/Frameworks/Accelerate.framework/Versions/A/Frameworks/vImage.framework/Versions/A/vImage
0x00007ff833eb8000 	/System/Library/Frameworks/Accelerate.framework/Versions/A/Frameworks/vecLib.framework/Versions/A/vecLib
0x00007ff82ccf8000 	/System/Library/Frameworks/Accelerate.framework/Versions/A/Frameworks/vecLib.framework/Versions/A/libvMisc.dylib
0x00007ff81bcff000 	/System/Library/Frameworks/Accelerate.framework/Versions/A/Frameworks/vecLib.framework/Versions/A/libBLAS.dylib
0x00007ff825d9e000 	/System/Library/Frameworks/CoreVideo.framework/Versions/A/CoreVideo
0x00007ff82fa33000 	/System/Library/Frameworks/ApplicationServices.framework/Versions/A/Frameworks/ATS.framework/Versions/A/ATS
0x00007ff82e17b000 	/System/Library/Frameworks/ApplicationServices.framework/Versions/A/Frameworks/PrintCore.framework/Versions/A/PrintCore
0x00007ff82fdeb000 	/System/Library/Frameworks/ApplicationServices.framework/Versions/A/Frameworks/QD.framework/Versions/A/QD
0x00007ff82fde7000 	/System/Library/Frameworks/ApplicationServices.framework/Versions/A/Frameworks/ColorSyncLegacy.framework/Versions/A/ColorSyncLegacy
0x00007ff82fa09000 	/System/Library/Frameworks/ApplicationServices.framework/Versions/A/Frameworks/SpeechSynthesis.framework/Versions/A/SpeechSynthesis
0x00007ff827dce000 	/System/Library/PrivateFrameworks/FontServices.framework/libFontParser.dylib
0x00007ff838005000 	/System/Library/PrivateFrameworks/BackBoardServices.framework/Versions/A/BackBoardServices
0x00007ffb2fc32000 	/System/Library/PrivateFrameworks/BackBoardHIDEventFoundation.framework/Versions/A/BackBoardHIDEventFoundation
0x00007ff81d6d4000 	/System/Library/Frameworks/CoreDisplay.framework/Versions/A/CoreDisplay
0x00007ff82d98f000 	/System/Library/Frameworks/VideoToolbox.framework/Versions/A/VideoToolbox
0x00007ff82b656000 	/System/Library/Frameworks/MetalPerformanceShaders.framework/Versions/A/MetalPerformanceShaders
0x00007ffc36747000 	/System/Library/PrivateFrameworks/ProDisplayLibrary.framework/Versions/A/ProDisplayLibrary
0x00007ff919751000 	/System/Library/PrivateFrameworks/IOSurfaceAccelerator.framework/Versions/A/IOSurfaceAccelerator
0x00007ff827905000 	/System/Library/PrivateFrameworks/IOAccelerator.framework/Versions/A/IOAccelerator
0x00007ff827c28000 	/System/Library/Frameworks/CoreMedia.framework/Versions/A/CoreMedia
0x00007ff821551000 	/System/Library/PrivateFrameworks/TCC.framework/Versions/A/TCC
0x00007ff82d948000 	/System/Library/PrivateFrameworks/WatchdogClient.framework/Versions/A/WatchdogClient
0x00007ffa1b741000 	/System/Library/PrivateFrameworks/BiomeStorage.framework/Versions/A/BiomeStorage
0x00007ffc28e34000 	/System/Library/PrivateFrameworks/IntelligencePlatformLibrary.framework/Versions/A/IntelligencePlatformLibrary
0x00007ffc35b82000 	/System/Library/PrivateFrameworks/PoirotSchematizer.framework/Versions/A/PoirotSchematizer
0x00007ffb30662000 	/System/Library/PrivateFrameworks/BiomeSync.framework/Versions/A/BiomeSync
0x00007ffb2fcf3000 	/System/Library/PrivateFrameworks/BiomeDSL.framework/Versions/A/BiomeDSL
0x00007ffc35bf0000 	/System/Library/PrivateFrameworks/PoirotUDFs.framework/Versions/A/PoirotUDFs
0x00007ffc35b57000 	/System/Library/PrivateFrameworks/PoirotSQLite.framework/Versions/A/PoirotSQLite
0x00007ff83675a000 	/System/Library/PrivateFrameworks/CoreTime.framework/Versions/A/CoreTime
0x00007ff82b49e000 	/usr/lib/libiconv.2.dylib
0x00007ff82b3f9000 	/usr/lib/libcharset.1.dylib
0x00007ffd34597000 	/usr/lib/swift/libswift_RegexParser.dylib
0x00007ffb31a6c000 	/System/Library/PrivateFrameworks/CascadeSets.framework/Versions/A/CascadeSets
0x00007ff82ffe9000 	/System/Library/PrivateFrameworks/CorePhoneNumbers.framework/Versions/A/CorePhoneNumbers
0x00007ff82d815000 	/System/Library/PrivateFrameworks/AppleJPEG.framework/Versions/A/AppleJPEG
0x00007ff82d22e000 	/usr/lib/libexpat.1.dylib
0x00007ff82e042000 	/System/Library/Frameworks/ImageIO.framework/Versions/A/Resources/libPng.dylib
0x00007ff82e071000 	/System/Library/Frameworks/ImageIO.framework/Versions/A/Resources/libTIFF.dylib
0x00007ff82e164000 	/System/Library/Frameworks/ImageIO.framework/Versions/A/Resources/libGIF.dylib
0x00007ff82d861000 	/System/Library/Frameworks/ImageIO.framework/Versions/A/Resources/libJP2.dylib
0x00007ff82e104000 	/System/Library/Frameworks/ImageIO.framework/Versions/A/Resources/libJPEG.dylib
0x00007ff82e0fb000 	/System/Library/Frameworks/ImageIO.framework/Versions/A/Resources/libRadiance.dylib
0x00007ffc2040d000 	/System/Library/PrivateFrameworks/GPUCompiler.framework/Versions/32023/Libraries/libllvm-flatbuffers.dylib
0x00007ffc1ab74000 	/System/Library/PrivateFrameworks/FramePacing.framework/Versions/A/FramePacing
0x00007ffb2096b000 	/System/Library/Frameworks/OpenGL.framework/Versions/A/Libraries/libCoreFSCache.dylib
0x00007ffc1bae2000 	/System/Library/PrivateFrameworks/GPUCompiler.framework/Versions/32023/Libraries/libGPUCompilerUtils.dylib
0x00007ff8362ee000 	/System/Library/PrivateFrameworks/GraphicsServices.framework/Versions/A/GraphicsServices
0x00007ffa2789a000 	/System/Library/PrivateFrameworks/Symbolication.framework/Versions/A/Symbolication
0x00007ffc3577d000 	/System/Library/PrivateFrameworks/PhotosensitivityProcessing.framework/Versions/A/PhotosensitivityProcessing
0x00007ffb21636000 	/System/Library/Frameworks/OpenCL.framework/Versions/A/OpenCL
0x00007ff82d459000 	/System/Library/PrivateFrameworks/GraphVisualizer.framework/Versions/A/GraphVisualizer
0x00007ffb209c9000 	/System/Library/Frameworks/OpenGL.framework/Versions/A/Libraries/libGLU.dylib
0x00007ffb2098a000 	/System/Library/Frameworks/OpenGL.framework/Versions/A/Libraries/libGFXShared.dylib
0x00007ffb20b89000 	/System/Library/Frameworks/OpenGL.framework/Versions/A/Libraries/libGL.dylib
0x00007ffb20993000 	/System/Library/Frameworks/OpenGL.framework/Versions/A/Libraries/libGLImage.dylib
0x00007ffb20987000 	/System/Library/Frameworks/OpenGL.framework/Versions/A/Libraries/libCVMSPluginSupport.dylib
0x00007ffb20972000 	/System/Library/Frameworks/OpenGL.framework/Versions/A/Libraries/libCoreVMClient.dylib
0x00007ffc1aa7f000 	/System/Library/PrivateFrameworks/FontServices.framework/Versions/A/FontServices
0x00007ff82d46c000 	/System/Library/PrivateFrameworks/OTSVG.framework/Versions/A/OTSVG
0x00007ff8258f4000 	/System/Library/Frameworks/ApplicationServices.framework/Versions/A/Frameworks/ATS.framework/Versions/A/Resources/libFontRegistry.dylib
0x00007ffd33692000 	/usr/lib/libhvf.dylib
0x00007ffc32adc000 	/System/Library/PrivateFrameworks/ParsingInternal.framework/Versions/A/ParsingInternal
0x00007ffc1aa83000 	/System/Library/PrivateFrameworks/FontServices.framework/libXTFontStaticRegistryData.dylib
0x00007ff828c6b000 	/System/Library/Frameworks/MetalPerformanceShaders.framework/Versions/A/Frameworks/MPSCore.framework/Versions/A/MPSCore
0x00007ff82ae05000 	/System/Library/Frameworks/MetalPerformanceShaders.framework/Versions/A/Frameworks/MPSImage.framework/Versions/A/MPSImage
0x00007ff82a66e000 	/System/Library/Frameworks/MetalPerformanceShaders.framework/Versions/A/Frameworks/MPSNeuralNetwork.framework/Versions/A/MPSNeuralNetwork
0x00007ff82abcc000 	/System/Library/Frameworks/MetalPerformanceShaders.framework/Versions/A/Frameworks/MPSMatrix.framework/Versions/A/MPSMatrix
0x00007ff82a982000 	/System/Library/Frameworks/MetalPerformanceShaders.framework/Versions/A/Frameworks/MPSRayIntersector.framework/Versions/A/MPSRayIntersector
0x00007ff82ac0b000 	/System/Library/Frameworks/MetalPerformanceShaders.framework/Versions/A/Frameworks/MPSNDArray.framework/Versions/A/MPSNDArray
0x00007ffb25556000 	/System/Library/Frameworks/MetalPerformanceShaders.framework/Versions/A/Frameworks/MPSFunctions.framework/Versions/A/MPSFunctions
0x00007ffb25536000 	/System/Library/Frameworks/MetalPerformanceShaders.framework/Versions/A/Frameworks/MPSBenchmarkLoop.framework/Versions/A/MPSBenchmarkLoop
0x00007ff81bb0c000 	/System/Library/PrivateFrameworks/MetalTools.framework/Versions/A/MetalTools
0x00007ff92bb8d000 	/System/Library/PrivateFrameworks/IOAccelMemoryInfo.framework/Versions/A/IOAccelMemoryInfo
0x00007ffa19cb6000 	/System/Library/PrivateFrameworks/kperf.framework/Versions/A/kperf
0x00007ff9266dd000 	/System/Library/PrivateFrameworks/GPURawCounter.framework/Versions/A/GPURawCounter
0x00007ff83663c000 	/System/Library/PrivateFrameworks/CoreSymbolication.framework/Versions/A/CoreSymbolication
0x00007ff92665a000 	/System/Library/PrivateFrameworks/MallocStackLogging.framework/Versions/A/MallocStackLogging
0x00007ff83661d000 	/System/Library/PrivateFrameworks/DebugSymbols.framework/Versions/A/DebugSymbols
0x00007ff9385fa000 	/System/Library/PrivateFrameworks/OSAnalytics.framework/Versions/A/OSAnalytics
0x00007ffc18c77000 	/System/Library/PrivateFrameworks/DeviceRecovery.framework/Versions/A/DeviceRecovery
0x00007ffb235b1000 	/System/Library/Frameworks/ExtensionFoundation.framework/Versions/A/ExtensionFoundation
0x00007ff82d4b2000 	/System/Library/PrivateFrameworks/AppServerSupport.framework/Versions/A/AppServerSupport
0x00007ff82d11e000 	/System/Library/PrivateFrameworks/PlugInKit.framework/Versions/A/PlugInKit
0x00007ff82a4ef000 	/System/Library/PrivateFrameworks/AssertionServices.framework/Versions/A/AssertionServices
0x00007ff82d253000 	/System/Library/PrivateFrameworks/IconFoundation.framework/Versions/A/IconFoundation
0x00007ffc262b7000 	/System/Library/PrivateFrameworks/IconRendering.framework/Versions/A/IconRendering
0x00007ffc383ed000 	/System/Library/PrivateFrameworks/SFSymbols.framework/Versions/A/SFSymbols
0x00007ff81d802000 	/System/Library/PrivateFrameworks/AudioToolboxCore.framework/Versions/A/AudioToolboxCore
0x00007ff82f977000 	/System/Library/PrivateFrameworks/AudioSession.framework/Versions/A/AudioSession
0x00007ff918bba000 	/System/Library/Frameworks/CoreMIDI.framework/Versions/A/CoreMIDI
0x00007ff82f9f1000 	/usr/lib/libAudioStatistics.dylib
0x00007ff827c03000 	/System/Library/PrivateFrameworks/caulk.framework/Versions/A/caulk
0x00007ff82e020000 	/usr/lib/libAudioToolboxUtility.dylib
0x00007ff9266e1000 	/usr/lib/swift/libswiftCoreAudio.dylib
0x00007ff92d1b2000 	/usr/lib/swift/libswiftCoreMIDI.dylib
0x00007ff82fdf5000 	/System/Library/PrivateFrameworks/perfdata.framework/Versions/A/perfdata
0x00007ff925763000 	/System/Library/PrivateFrameworks/SystemPolicy.framework/Versions/A/SystemPolicy
0x00007ff82fc98000 	/usr/lib/libSMC.dylib
0x00007ff82fe03000 	/usr/lib/libperfcheck.dylib
0x00007ffb2f741000 	/System/Library/PrivateFrameworks/AudioAnalytics.framework/Versions/A/AudioAnalytics
0x00007ffd34560000 	/usr/lib/swift/libswift_DarwinFoundation2.dylib
0x00007ffd34561000 	/usr/lib/swift/libswift_DarwinFoundation3.dylib
0x00007ffa2be9d000 	/System/Library/Frameworks/OSLog.framework/Versions/A/OSLog
0x00007ff92668a000 	/usr/lib/libmis.dylib
0x00007ff82d375000 	/System/Library/PrivateFrameworks/MediaExperience.framework/Versions/A/MediaExperience
0x00007ff82f75c000 	/System/Library/PrivateFrameworks/AudioSession.framework/libSessionUtility.dylib
0x00007ff82e16a000 	/System/Library/PrivateFrameworks/CMCaptureCore.framework/Versions/A/CMCaptureCore
0x00007ff834e6a000 	/System/Library/Frameworks/CoreBluetooth.framework/Versions/A/CoreBluetooth
0x00007ff82a362000 	/System/Library/PrivateFrameworks/CoreUtils.framework/Versions/A/CoreUtils
0x00007ff91e8e3000 	/System/Library/PrivateFrameworks/HID.framework/Versions/A/HID
0x00007ffb38334000 	/System/Library/PrivateFrameworks/CoreUtilsExtras.framework/Versions/A/CoreUtilsExtras
0x00007ffc26214000 	/System/Library/PrivateFrameworks/IO80211.framework/Versions/A/IO80211
0x00007ff831728000 	/System/Library/Frameworks/IOBluetooth.framework/Versions/A/IOBluetooth
0x00007ffb2f37b000 	/System/Library/PrivateFrameworks/ArgumentParserInternal.framework/Versions/A/ArgumentParserInternal
0x00007ff82cfc4000 	/usr/lib/libIOReport.dylib
0x00007ff82a4fc000 	/System/Library/Frameworks/SecurityFoundation.framework/Versions/A/SecurityFoundation
0x00007ff81bed3000 	/System/Library/PrivateFrameworks/Lexicon.framework/Versions/A/Lexicon
0x00007ff82a655000 	/usr/lib/libgermantok.dylib
0x00007ff828e4a000 	/System/Library/PrivateFrameworks/LinguisticData.framework/Versions/A/LinguisticData
0x00007ff835073000 	/System/Library/PrivateFrameworks/MediaKit.framework/Versions/A/MediaKit
0x00007ff834fcd000 	/System/Library/Frameworks/DiscRecording.framework/Versions/A/DiscRecording
0x00007ff82d24a000 	/usr/lib/libheimdal-asn1.dylib
0x00007ff838c16000 	/System/Library/Frameworks/AudioUnit.framework/Versions/A/AudioUnit
0x00007ff825c13000 	/System/Library/Frameworks/OpenDirectory.framework/Versions/A/OpenDirectory
0x00007ff825c1f000 	/System/Library/Frameworks/OpenDirectory.framework/Versions/A/Frameworks/CFOpenDirectory.framework/Versions/A/CFOpenDirectory
0x00007ffb21d80000 	/System/Library/Frameworks/AVFAudio.framework/Versions/A/AVFAudio
0x00007ff91f835000 	/usr/lib/libAccessibility.dylib
0x00007ffc2994d000 	/System/Library/PrivateFrameworks/IsolatedCoreAudioClient.framework/Versions/A/IsolatedCoreAudioClient
0x00007ffa220fd000 	/usr/lib/swift/libswiftCoreMedia.dylib
0x00007ffd24fe4000 	/System/Library/PrivateFrameworks/Tightbeam.framework/Versions/A/Tightbeam
0x00007ffb343c1000 	/System/Library/PrivateFrameworks/CoreAudioOrchestration.framework/Versions/A/CoreAudioOrchestration
0x00007ffa1e863000 	/System/Library/PrivateFrameworks/AFKUser.framework/Versions/A/AFKUser
0x00007ff8341a2000 	/System/Library/Frameworks/MediaAccessibility.framework/Versions/A/MediaAccessibility
0x00007ffd28eb9000 	/System/Library/PrivateFrameworks/VideoToolboxParavirtualizationSupport.framework/Versions/A/VideoToolboxParavirtualizationSupport
0x00007ff82d1e0000 	/System/Library/PrivateFrameworks/AppleVA.framework/Versions/A/AppleVA
0x00007ff82e0f4000 	/System/Library/PrivateFrameworks/GPUWrangler.framework/Versions/A/GPUWrangler
0x00007ff82e0d8000 	/System/Library/PrivateFrameworks/IOPresentment.framework/Versions/A/IOPresentment
0x00007ff82e0fe000 	/System/Library/PrivateFrameworks/DSExternalDisplay.framework/Versions/A/DSExternalDisplay
0x00007ffb2f1dd000 	/System/Library/PrivateFrameworks/AppleMobileFileIntegrity.framework/Versions/A/AppleMobileFileIntegrity
0x00007ffd330a7000 	/usr/lib/libTLE.dylib
0x00007ffb1bf56000 	/System/Library/PrivateFrameworks/ConfigProfileHelper.framework/Versions/A/ConfigProfileHelper
0x00007ffa31afe000 	/usr/lib/libedit.3.dylib
0x00007ffc2ac8a000 	/System/Library/PrivateFrameworks/MIL.framework/Versions/A/MIL
0x00007ff92bb52000 	/usr/lib/libncurses.5.4.dylib
0x00007ff82a29e000 	/System/Library/PrivateFrameworks/CoreEmoji.framework/Versions/A/CoreEmoji
0x00007ff81c23d000 	/usr/lib/libCRFSuite.dylib
0x00007ff828d3a000 	/System/Library/PrivateFrameworks/CoreNLP.framework/Versions/A/CoreNLP
0x00007ff82a5fa000 	/usr/lib/libmecab.dylib
0x00007ff82b5e9000 	/usr/lib/libThaiTokenizer.dylib
0x00007ffa2c369000 	/System/Library/PrivateFrameworks/HIDDisplay.framework/Versions/A/HIDDisplay
0x00007ff82e135000 	/System/Library/Frameworks/ApplicationServices.framework/Versions/A/Frameworks/ATSUI.framework/Versions/A/ATSUI
0x00007ff82fd79000 	/usr/lib/libcups.2.dylib
0x00007ff82fe12000 	/System/Library/Frameworks/Kerberos.framework/Versions/A/Kerberos
0x00007ff82fa76000 	/usr/lib/libresolv.9.dylib
0x00007ff82d4c7000 	/System/Library/PrivateFrameworks/Heimdal.framework/Versions/A/Heimdal
0x00007ff838c15000 	/System/Library/Frameworks/Kerberos.framework/Versions/A/Libraries/libHeimdalProxy.dylib
0x00007ff82fe6a000 	/System/Library/PrivateFrameworks/CommonAuth.framework/Versions/A/CommonAuth
0x00007ff91f74e000 	/System/Library/PrivateFrameworks/AXCoreUtilities.framework/Versions/A/AXCoreUtilities
0x00007ffd32b1f000 	/usr/lib/libAXSafeCategoryBundle.dylib
0x00007ff82a0a7000 	/System/Library/Frameworks/Accelerate.framework/Versions/A/Frameworks/vecLib.framework/Versions/A/libvDSP.dylib
0x00007ff82b743000 	/System/Library/Frameworks/Accelerate.framework/Versions/A/Frameworks/vecLib.framework/Versions/A/libLAPACK.dylib
0x00007ff82a658000 	/System/Library/Frameworks/Accelerate.framework/Versions/A/Frameworks/vecLib.framework/Versions/A/libLinearAlgebra.dylib
0x00007ff82b62d000 	/System/Library/Frameworks/Accelerate.framework/Versions/A/Frameworks/vecLib.framework/Versions/A/libSparseBLAS.dylib
0x00007ff82b73d000 	/System/Library/Frameworks/Accelerate.framework/Versions/A/Frameworks/vecLib.framework/Versions/A/libQuadrature.dylib
0x00007ff828e51000 	/System/Library/Frameworks/Accelerate.framework/Versions/A/Frameworks/vecLib.framework/Versions/A/libBNNS.dylib
0x00007ff81bfe0000 	/System/Library/Frameworks/Accelerate.framework/Versions/A/Frameworks/vecLib.framework/Versions/A/libSparse.dylib
0x00007ff82fddc000 	/System/Library/PrivateFrameworks/NetAuth.framework/Versions/A/NetAuth
0x00007ff825e13000 	/System/Library/PrivateFrameworks/login.framework/Versions/A/Frameworks/loginsupport.framework/Versions/A/loginsupport
0x00007ff82a5c8000 	/usr/lib/libCheckFix.dylib
0x00007ff824861000 	/System/Library/PrivateFrameworks/MetadataUtilities.framework/Versions/A/MetadataUtilities
0x00007ffc26bd1000 	/System/Library/PrivateFrameworks/InstalledContentLibrary.framework/Versions/A/InstalledContentLibrary
0x00007ff81efaa000 	/System/Library/PrivateFrameworks/CoreServicesStore.framework/Versions/A/CoreServicesStore
0x00007ffa19db4000 	/System/Library/PrivateFrameworks/MobileSystemServices.framework/Versions/A/MobileSystemServices
0x00007ff82ccc7000 	/usr/lib/libxslt.1.dylib
0x00007ff82a58b000 	/System/Library/PrivateFrameworks/BackgroundTaskManagement.framework/Versions/A/BackgroundTaskManagement
0x00007ff838395000 	/usr/lib/libcurl.4.dylib
0x00007ffd3343f000 	/usr/lib/libcrypto.46.dylib
0x00007ffd34062000 	/usr/lib/libssl.48.dylib
0x00007ff838075000 	/System/Library/Frameworks/LDAP.framework/Versions/A/LDAP
0x00007ff8380b0000 	/System/Library/PrivateFrameworks/TrustEvaluationAgent.framework/Versions/A/TrustEvaluationAgent
0x00007ff82fa93000 	/usr/lib/libsasl2.2.dylib
0x00007ff923806000 	/usr/lib/swift/libswiftCoreGraphics.dylib
0x00007ff834868000 	/usr/lib/swift/libswiftFoundation.dylib
0x00007ffb1b92a000 	/usr/lib/swift/libswiftSwiftOnoneSupport.dylib
0x00007ffd346cc000 	/usr/lib/swift/libswiftsys_time.dylib
0x00007ffa27fc1000 	/System/Library/PrivateFrameworks/CoreMaterial.framework/Versions/A/CoreMaterial
0x00007ffd3440b000 	/usr/lib/swift/libswiftSpatial.dylib
0x00007ffd330a6000 	/usr/lib/libSpatial.dylib
0x00007ffd32a36000 	/System/Library/SubFrameworks/UIUtilities.framework/Versions/A/UIUtilities
0x000000010eac5000 	/Users/saahibm.singh/.p2/pool/plugins/org.eclipse.justj.openjdk.hotspot.jre.full.macosx.x86_64_21.0.9.v20251105-0741/jre/lib/server/libjvm.dylib
0x00000001087d4000 	/Users/saahibm.singh/.p2/pool/plugins/org.eclipse.justj.openjdk.hotspot.jre.full.macosx.x86_64_21.0.9.v20251105-0741/jre/lib/libjimage.dylib
0x000000010d86a000 	/Users/saahibm.singh/.p2/pool/plugins/org.eclipse.justj.openjdk.hotspot.jre.full.macosx.x86_64_21.0.9.v20251105-0741/jre/lib/libjava.dylib
0x000000012a2f7000 	/Users/saahibm.singh/.p2/pool/plugins/org.eclipse.justj.openjdk.hotspot.jre.full.macosx.x86_64_21.0.9.v20251105-0741/jre/lib/libnio.dylib
0x000000012a331000 	/Users/saahibm.singh/.p2/pool/plugins/org.eclipse.justj.openjdk.hotspot.jre.full.macosx.x86_64_21.0.9.v20251105-0741/jre/lib/libnet.dylib
0x000000012a44e000 	/Users/saahibm.singh/.p2/pool/plugins/org.eclipse.justj.openjdk.hotspot.jre.full.macosx.x86_64_21.0.9.v20251105-0741/jre/lib/libzip.dylib
0x000000012a5ed000 	/Users/saahibm.singh/.p2/pool/plugins/org.eclipse.justj.openjdk.hotspot.jre.full.macosx.x86_64_21.0.9.v20251105-0741/jre/lib/libawt.dylib
0x000000012a823000 	/Users/saahibm.singh/.p2/pool/plugins/org.eclipse.justj.openjdk.hotspot.jre.full.macosx.x86_64_21.0.9.v20251105-0741/jre/lib/libmlib_image.dylib
0x00007ffb246e4000 	/System/Library/Frameworks/JavaRuntimeSupport.framework/Versions/A/JavaRuntimeSupport
0x00007ff92515f000 	/System/Library/Frameworks/Carbon.framework/Versions/A/Carbon
0x00007ff91b261000 	/System/Library/Frameworks/Carbon.framework/Versions/A/Frameworks/CommonPanels.framework/Versions/A/CommonPanels
0x00007ff838382000 	/System/Library/Frameworks/Carbon.framework/Versions/A/Frameworks/Help.framework/Versions/A/Help
0x00007ff91b265000 	/System/Library/Frameworks/Carbon.framework/Versions/A/Frameworks/ImageCapture.framework/Versions/A/ImageCapture
0x00007ff91b242000 	/System/Library/Frameworks/Carbon.framework/Versions/A/Frameworks/OpenScripting.framework/Versions/A/OpenScripting
0x00007ff91b260000 	/System/Library/Frameworks/Carbon.framework/Versions/A/Frameworks/Ink.framework/Versions/A/Ink
0x00007ff91b25d000 	/System/Library/Frameworks/Carbon.framework/Versions/A/Frameworks/SecurityHI.framework/Versions/A/SecurityHI
0x00007ffd32f21000 	/usr/lib/libInterpreterSecurity.dylib
0x00007ffa1ba54000 	/System/Library/PrivateFrameworks/XprotectFramework.framework/Versions/A/XprotectFramework
0x00007ff91ebec000 	/System/Library/PrivateFrameworks/yara.framework/Versions/A/yara
0x00007ffd32f0f000 	/usr/lib/libEndpointSecuritySystem.dylib
0x000000012aa81000 	/Users/saahibm.singh/.p2/pool/plugins/org.eclipse.justj.openjdk.hotspot.jre.full.macosx.x86_64_21.0.9.v20251105-0741/jre/lib/libawt_lwawt.dylib
0x000000012a57b000 	/Users/saahibm.singh/.p2/pool/plugins/org.eclipse.justj.openjdk.hotspot.jre.full.macosx.x86_64_21.0.9.v20251105-0741/jre/lib/libosxapp.dylib
0x00007ff92386a000 	/System/Library/Frameworks/ExceptionHandling.framework/Versions/A/ExceptionHandling
0x0000000172091000 	/Users/saahibm.singh/.p2/pool/plugins/org.eclipse.justj.openjdk.hotspot.jre.full.macosx.x86_64_21.0.9.v20251105-0741/jre/lib/libfontmanager.dylib
0x000000012ad5d000 	/Users/saahibm.singh/.p2/pool/plugins/org.eclipse.justj.openjdk.hotspot.jre.full.macosx.x86_64_21.0.9.v20251105-0741/jre/lib/libfreetype.dylib
0x00007ffb2201d000 	/System/Library/Frameworks/AppIntents.framework/Versions/A/AppIntents
0x00007ffb27e3d000 	/System/Library/Frameworks/RelevanceKit.framework/Versions/A/RelevanceKit
0x00007ff82b210000 	/System/Library/Frameworks/CoreSpotlight.framework/Versions/A/CoreSpotlight
0x00007ffc2a7f4000 	/System/Library/PrivateFrameworks/LinkServices.framework/Versions/A/LinkServices
0x00007ffc19124000 	/System/Library/PrivateFrameworks/DoNotDisturb.framework/Versions/A/DoNotDisturb
0x00007ffc2a672000 	/System/Library/PrivateFrameworks/LinkMetadata.framework/Versions/A/LinkMetadata
0x00007ff926701000 	/usr/lib/swift/libswiftIntents.dylib
0x00007ff92bca8000 	/System/Library/PrivateFrameworks/IntentsCore.framework/Versions/A/IntentsCore
0x00007ffb2fb1a000 	/System/Library/PrivateFrameworks/AvailabilityKit.framework/Versions/A/AvailabilityKit
0x00007ffb2cf92000 	/System/Library/PrivateFrameworks/AppIntentSchemas.framework/Versions/A/AppIntentSchemas
0x00007ffc209f4000 	/System/Library/PrivateFrameworks/GRDBInternal.framework/Versions/A/GRDBInternal
0x00007ffd213ca000 	/System/Library/PrivateFrameworks/StatusKit.framework/Versions/A/StatusKit
0x00007ff835757000 	/System/Library/PrivateFrameworks/GenerationalStorage.framework/Versions/A/GenerationalStorage
0x00007ff83557c000 	/System/Library/Frameworks/FileProvider.framework/Versions/A/FileProvider
0x00007ff820b19000 	/System/Library/PrivateFrameworks/DesktopServicesPriv.framework/Versions/A/DesktopServicesPriv
0x00007ff823082000 	/System/Library/Frameworks/Accounts.framework/Versions/A/Accounts
0x00007ff9261a7000 	/System/Library/PrivateFrameworks/FTServices.framework/Versions/A/FTServices
0x00007ff91e8a4000 	/System/Library/PrivateFrameworks/CloudServices.framework/Versions/A/CloudServices
0x00007ff837beb000 	/System/Library/PrivateFrameworks/CoreWiFi.framework/Versions/A/CoreWiFi
0x00007ff8275fe000 	/System/Library/Frameworks/CoreLocation.framework/Versions/A/CoreLocation
0x00007ff837519000 	/System/Library/Frameworks/Intents.framework/Versions/A/Intents
0x00007ffb2a371000 	/System/Library/Frameworks/_LocationEssentials.framework/Versions/A/_LocationEssentials
0x00007ff82b1c2000 	/System/Library/Frameworks/UserNotifications.framework/Versions/A/UserNotifications
0x00007ff831394000 	/System/Library/PrivateFrameworks/Sharing.framework/Versions/A/Sharing
0x00007ff830f07000 	/System/Library/PrivateFrameworks/IDSFoundation.framework/Versions/A/IDSFoundation
0x00007ff837bea000 	/System/Library/PrivateFrameworks/Apple80211.framework/Versions/A/Apple80211
0x00007ff82aef7000 	/System/Library/PrivateFrameworks/AuthKit.framework/Versions/A/AuthKit
0x00007ff82a2e4000 	/System/Library/Frameworks/CoreWLAN.framework/Versions/A/CoreWLAN
0x00007ff92d196000 	/usr/lib/swift/libswiftCoreLocation.dylib
0x00007ff82f6b2000 	/System/Library/PrivateFrameworks/IMFoundation.framework/Versions/A/IMFoundation
0x00007ff91ebeb000 	/System/Library/PrivateFrameworks/Marco.framework/Versions/A/Marco
0x00007ff82310f000 	/System/Library/PrivateFrameworks/CommonUtilities.framework/Versions/A/CommonUtilities
0x00007ff91b22b000 	/System/Library/PrivateFrameworks/Engram.framework/Versions/A/Engram
0x00007ffd3436c000 	/usr/lib/swift/libswiftRegexBuilder.dylib
0x00007ff91b1cd000 	/usr/lib/libtidy.A.dylib
0x00007ff82d79d000 	/System/Library/PrivateFrameworks/Bom.framework/Versions/A/Bom
0x00007ff82fab3000 	/usr/lib/libParallelCompression.dylib
0x00007ffa33a59000 	/System/Library/PrivateFrameworks/WiFiPeerToPeer.framework/Versions/A/WiFiPeerToPeer
0x00007ffd33b72000 	/usr/lib/libmrc.dylib
0x00007ffc26285000 	/System/Library/PrivateFrameworks/IPConfiguration.framework/Versions/A/IPConfiguration
0x00007ffa27f86000 	/System/Library/PrivateFrameworks/Netrb.framework/Versions/A/Netrb
0x00007ff82faa6000 	/System/Library/PrivateFrameworks/MultiverseSupport.framework/Versions/A/MultiverseSupport
0x00007ff8350a6000 	/System/Library/PrivateFrameworks/DiskManagement.framework/Versions/A/DiskManagement
0x00007ff834fc0000 	/System/Library/PrivateFrameworks/AppleIDAuthSupport.framework/Versions/A/AppleIDAuthSupport
0x00007ffb2aa0f000 	/System/Library/PrivateFrameworks/AAAFoundation.framework/Versions/A/AAAFoundation
0x00007ff82ffa7000 	/System/Library/PrivateFrameworks/KeychainCircle.framework/Versions/A/KeychainCircle
0x00007ff91f745000 	/System/Library/PrivateFrameworks/URLFormatting.framework/Versions/A/URLFormatting
0x00007ff83838a000 	/usr/lib/libcsfde.dylib
0x00007ff82d169000 	/usr/lib/libCoreStorage.dylib
0x00007ff8317fc000 	/System/Library/PrivateFrameworks/ProtectedCloudStorage.framework/Versions/A/ProtectedCloudStorage
0x00007ff838386000 	/System/Library/PrivateFrameworks/EFILogin.framework/Versions/A/EFILogin
0x00007ff835781000 	/System/Library/PrivateFrameworks/OctagonTrust.framework/Versions/A/OctagonTrust
0x00007ff831a74000 	/System/Library/PrivateFrameworks/GeoServices.framework/Versions/A/GeoServices
0x00007ff82f725000 	/System/Library/PrivateFrameworks/LocationSupport.framework/Versions/A/LocationSupport
0x00007ffc234f6000 	/System/Library/PrivateFrameworks/GeoServicesCore.framework/Versions/A/GeoServicesCore
0x00007ff91f744000 	/System/Library/PrivateFrameworks/PhoneNumbers.framework/Versions/A/PhoneNumbers
0x00007ffc2ab88000 	/System/Library/PrivateFrameworks/LocationLogEncryption.framework/Versions/A/LocationLogEncryption
0x00007ff830d23000 	/System/Library/PrivateFrameworks/IDS.framework/Versions/A/IDS
0x00007ffa2ed7c000 	/System/Library/Frameworks/CryptoKit.framework/Versions/A/CryptoKit
0x00007ff838c11000 	/System/Library/PrivateFrameworks/CryptoKitCBridging.framework/Versions/A/CryptoKitCBridging
0x00007ff8362fe000 	/System/Library/Frameworks/CryptoTokenKit.framework/Versions/A/CryptoTokenKit
0x00007ff935070000 	/System/Library/PrivateFrameworks/FTAWD.framework/Versions/A/FTAWD
0x00007ff81f0c8000 	/usr/lib/libsandbox.1.dylib
0x00007ff82d161000 	/usr/lib/libMatch.1.dylib
0x00007ff838cce000 	/System/Library/PrivateFrameworks/IntentsFoundation.framework/Versions/A/IntentsFoundation
0x00007ff825ae2000 	/System/Library/PrivateFrameworks/ViewBridge.framework/Versions/A/ViewBridge
0x000000012aa55000 	/usr/lib/libobjc-trampolines.dylib
0x00007ff93040a000 	/System/Library/CoreServices/RawCamera.bundle/Contents/MacOS/RawCamera
0x00007ff82e66d000 	/System/Library/Frameworks/MediaToolbox.framework/Versions/A/MediaToolbox
0x00007ff835550000 	/System/Library/PrivateFrameworks/CoreAVCHD.framework/Versions/A/CoreAVCHD
0x00007ff83554c000 	/System/Library/PrivateFrameworks/Mangrove.framework/Versions/A/Mangrove
0x00007ffb31239000 	/System/Library/PrivateFrameworks/CMPhoto.framework/Versions/A/CMPhoto
0x00007ff835cfc000 	/System/Library/Frameworks/CoreTelephony.framework/Versions/A/CoreTelephony
0x00007ff8364ee000 	/System/Library/PrivateFrameworks/AppleVPA.framework/Versions/A/AppleVPA
0x00007ff835191000 	/System/Library/PrivateFrameworks/CoreAUC.framework/Versions/A/CoreAUC
0x00007ffb2e5c7000 	/System/Library/PrivateFrameworks/AppleJPEGXL.framework/Versions/A/AppleJPEGXL
0x00007ff82fff8000 	/usr/lib/libTelephonyUtilDynamic.dylib
0x00007ff92d179000 	/System/Library/Frameworks/Accelerate.framework/Versions/A/Frameworks/vImage.framework/Versions/A/Libraries/libCGInterfaces.dylib
0x00007ffb2a2a9000 	/System/Library/Frameworks/_AppIntents_AppKit.framework/Versions/A/_AppIntents_AppKit
0x00007ffd32b23000 	/usr/lib/libAccessibilityBaseImplementations.dylib
0x00007ffd2cc0b000 	/System/Library/PrivateFrameworks/WritingToolsUI.framework/Versions/A/WritingToolsUI
0x00007ffc22fb8000 	/System/Library/PrivateFrameworks/GenerativeAssistantSettings.framework/Versions/A/GenerativeAssistantSettings
0x00007ffd22ed2000 	/System/Library/PrivateFrameworks/TextComposer.framework/Versions/A/TextComposer
0x00007ffc22f94000 	/System/Library/PrivateFrameworks/GenerativeAssistantCommon.framework/Versions/A/GenerativeAssistantCommon
0x00007ff92e1ec000 	/System/Library/Frameworks/SwiftUI.framework/Versions/A/SwiftUI
0x00007ffb2a2da000 	/System/Library/Frameworks/_AuthenticationServices_SwiftUI.framework/Versions/A/_AuthenticationServices_SwiftUI
0x00007ffb2cd20000 	/System/Library/PrivateFrameworks/Anvil.framework/Versions/A/Anvil
0x00007ff92d7a0000 	/System/Library/PrivateFrameworks/AppStoreDaemon.framework/Versions/A/AppStoreDaemon
0x00007ff918e20000 	/System/Library/PrivateFrameworks/AppleMediaServices.framework/Versions/A/AppleMediaServices
0x00007ffc23389000 	/System/Library/PrivateFrameworks/GenerativePartnerServiceUI.framework/Versions/A/GenerativePartnerServiceUI
0x00007ffb1af6c000 	/System/Library/PrivateFrameworks/JetEngine.framework/Versions/A/JetEngine
0x00007ffd22dc3000 	/System/Library/PrivateFrameworks/TextAnimationSupport.framework/Versions/A/TextAnimationSupport
0x00007ffc374a2000 	/System/Library/PrivateFrameworks/RecapPerformanceTesting.framework/Versions/A/RecapPerformanceTesting
0x00007ff9270bc000 	/System/Library/PrivateFrameworks/SignpostCollection.framework/Versions/A/SignpostCollection
0x00007ffb2f9e9000 	/System/Library/PrivateFrameworks/AuthenticationServicesCore.framework/Versions/A/AuthenticationServicesCore
0x00007ff9308cd000 	/System/Library/Frameworks/AuthenticationServices.framework/Versions/A/AuthenticationServices
0x00007ff82d0fa000 	/System/Library/PrivateFrameworks/SharedWebCredentials.framework/Versions/A/SharedWebCredentials
0x00007ff92802d000 	/System/Library/PrivateFrameworks/SafariCore.framework/Versions/A/SafariCore
0x00007ff9303ba000 	/System/Library/PrivateFrameworks/SafariFoundation.framework/Versions/A/SafariFoundation
0x00007ff834b04000 	/System/Library/Frameworks/Contacts.framework/Versions/A/Contacts
0x00007ffb30ce5000 	/System/Library/PrivateFrameworks/CBORLibrary.framework/Versions/A/CBORLibrary
0x00007ffb31b0e000 	/System/Library/PrivateFrameworks/Chirp.framework/Versions/A/Chirp
0x00007ffb32554000 	/System/Library/PrivateFrameworks/CloudSubscriptionFeatures.framework/Versions/A/CloudSubscriptionFeatures
0x00007ff834869000 	/System/Library/PrivateFrameworks/ContactsFoundation.framework/Versions/A/ContactsFoundation
0x00007ffb1c290000 	/System/Library/PrivateFrameworks/RemoteManagement.framework/Versions/A/RemoteManagement
0x00007ffc377ba000 	/System/Library/PrivateFrameworks/RemoteManagementModel.framework/Versions/A/RemoteManagementModel
0x00007ffc3784a000 	/System/Library/PrivateFrameworks/RemoteManagementStore.framework/Versions/A/RemoteManagementStore
0x00007ff831903000 	/usr/lib/libxcselect.dylib
0x00007ff930324000 	/System/Library/PrivateFrameworks/DifferentialPrivacy.framework/Versions/A/DifferentialPrivacy
0x00007ffc2ce33000 	/System/Library/PrivateFrameworks/ManagedSettingsObjC.framework/Versions/A/ManagedSettingsObjC
0x00007ffc2ab8c000 	/System/Library/PrivateFrameworks/LockdownMode.framework/Versions/A/LockdownMode
0x00007ffd27aab000 	/System/Library/PrivateFrameworks/VDAF.framework/Versions/A/VDAF
0x00007ff834930000 	/System/Library/PrivateFrameworks/ContactsPersistence.framework/Versions/A/ContactsPersistence
0x00007ff833acc000 	/System/Library/PrivateFrameworks/AppleLDAP.framework/Versions/A/AppleLDAP
0x00007ff838732000 	/System/Library/Frameworks/ClassKit.framework/Versions/A/ClassKit
0x00007ff83aa6d000 	/System/Library/PrivateFrameworks/CoreSuggestions.framework/Versions/A/CoreSuggestions
0x00007ff8362b4000 	/System/Library/PrivateFrameworks/vCard.framework/Versions/A/vCard
0x00007ffb33080000 	/System/Library/PrivateFrameworks/ContactsMetrics.framework/Versions/A/ContactsMetrics
0x00007ff82d573000 	/System/Library/PrivateFrameworks/login.framework/Versions/A/login
0x00007ffc2ce2e000 	/System/Library/PrivateFrameworks/ManagedOrganizationContacts.framework/Versions/A/ManagedOrganizationContacts
0x00007ff826280000 	/System/Library/PrivateFrameworks/CloudDocs.framework/Versions/A/CloudDocs
0x00007ff91f10a000 	/System/Library/PrivateFrameworks/ProactiveEventTracker.framework/Versions/A/ProactiveEventTracker
0x00007ff82fb57000 	/System/Library/PrivateFrameworks/CoreFollowUp.framework/Versions/A/CoreFollowUp
0x00007ff839eba000 	/System/Library/PrivateFrameworks/ConfigurationProfiles.framework/Versions/A/ConfigurationProfiles
0x00007ffb38586000 	/System/Library/PrivateFrameworks/DMCUtilities.framework/Versions/A/DMCUtilities
0x00007ffc2ac03000 	/System/Library/PrivateFrameworks/MDMClientLibrary.framework/Versions/A/MDMClientLibrary
0x00007ffc3783f000 	/System/Library/PrivateFrameworks/RemoteManagementProtocol.framework/Versions/A/RemoteManagementProtocol
0x00007ff8341b7000 	/System/Library/PrivateFrameworks/SystemAdministration.framework/Versions/A/SystemAdministration
0x00007ff91d097000 	/System/Library/PrivateFrameworks/PowerlogControl.framework/Versions/A/PowerlogControl
0x00007ff91d099000 	/usr/lib/libUniversalAccess.dylib
0x00007ff91975b000 	/System/Library/PrivateFrameworks/FamilyControls.framework/Versions/A/FamilyControls
0x00007ff833aa4000 	/System/Library/Frameworks/DirectoryService.framework/Versions/A/DirectoryService
0x00007ff838419000 	/System/Library/PrivateFrameworks/LoginUIKit.framework/Versions/A/Frameworks/LoginUICore.framework/Versions/A/LoginUICore
0x00007ff82d79c000 	/usr/lib/libodfde.dylib
0x00007ff919756000 	/System/Library/PrivateFrameworks/UniversalAccess.framework/Versions/A/Libraries/libUAPreferences.dylib
0x00007ff91977e000 	/System/Library/PrivateFrameworks/CommerceKit.framework/Versions/A/Frameworks/CommerceCore.framework/Versions/A/CommerceCore
0x00007ffb384fd000 	/System/Library/PrivateFrameworks/DEPClientLibrary.framework/Versions/A/DEPClientLibrary
0x00007ffb38522000 	/System/Library/PrivateFrameworks/DMCEnrollmentLibrary.framework/Versions/A/DMCEnrollmentLibrary
0x00007ff91d172000 	/System/Library/PrivateFrameworks/SetupAssistantFramework.framework/Versions/A/SetupAssistantFramework
0x00007ff838a70000 	/System/Library/PrivateFrameworks/AuthKitUI.framework/Versions/A/AuthKitUI
0x00007ff83845e000 	/System/Library/PrivateFrameworks/AppSSO.framework/Versions/A/AppSSO
0x00007ff92d50e000 	/System/Library/PrivateFrameworks/LocalAuthenticationUI.framework/Versions/A/LocalAuthenticationUI
0x00007ffc357d5000 	/System/Library/PrivateFrameworks/PlatformSSO.framework/Versions/A/PlatformSSO
0x00007ffc358d4000 	/System/Library/PrivateFrameworks/PlatformSSOCore.framework/Versions/A/PlatformSSOCore
0x00007ffb2476b000 	/System/Library/Frameworks/LocalAuthenticationEmbeddedUI.framework/Versions/A/LocalAuthenticationEmbeddedUI
0x00007ff92dfc1000 	/System/Library/PrivateFrameworks/AOSUI.framework/Versions/A/AOSUI
0x00007ff91eeed000 	/System/Library/Frameworks/ContactsUI.framework/Versions/A/ContactsUI
0x00007ff834d7b000 	/System/Library/PrivateFrameworks/FamilyCircle.framework/Versions/A/FamilyCircle
0x00007ffa1be76000 	/System/Library/Frameworks/LinkPresentation.framework/Versions/A/LinkPresentation
0x00007ff91eae0000 	/System/Library/PrivateFrameworks/IASUtilities.framework/Versions/A/IASUtilities
0x00007ffc26176000 	/System/Library/PrivateFrameworks/IASUtilitiesCore.framework/Versions/A/IASUtilitiesCore
0x00007ff9270ca000 	/System/Library/PrivateFrameworks/OnBoardingKit.framework/Versions/A/OnBoardingKit
0x00007ffc378b0000 	/System/Library/PrivateFrameworks/RemoteUI.framework/Versions/A/RemoteUI
0x00007ff9238df000 	/System/Library/Frameworks/WebKit.framework/Versions/A/WebKit
0x00007ff91b267000 	/System/Library/Frameworks/JavaScriptCore.framework/Versions/A/JavaScriptCore
0x00007ffc2a12b000 	/System/Library/PrivateFrameworks/LiftUI.framework/Versions/A/LiftUI
0x00007ffd19a53000 	/System/Library/PrivateFrameworks/Settings.framework/Versions/A/Settings
0x00007ffd2d5d1000 	/System/Library/PrivateFrameworks/_IconServices_SwiftUI.framework/Versions/A/_IconServices_SwiftUI
0x00007ffb22a30000 	/System/Library/Frameworks/BrowserEngineCore.framework/Versions/A/BrowserEngineCore
0x00007ff918784000 	/System/Library/Frameworks/WebKit.framework/Versions/A/Frameworks/WebKitLegacy.framework/Versions/A/WebKitLegacy
0x00007ff838a1a000 	/System/Library/PrivateFrameworks/CorePrediction.framework/Versions/A/CorePrediction
0x00007ff826915000 	/System/Library/Frameworks/WebKit.framework/Versions/A/Frameworks/WebCore.framework/Versions/A/Frameworks/libwebrtc.dylib
0x00007ff92386c000 	/System/Library/PrivateFrameworks/SafariSafeBrowsing.framework/Versions/A/SafariSafeBrowsing
0x00007ff82fb1f000 	/System/Library/Frameworks/SecurityInterface.framework/Versions/A/SecurityInterface
0x00007ff9270c9000 	/System/Library/PrivateFrameworks/WebInspectorUI.framework/Versions/A/WebInspectorUI
0x00007ff91f863000 	/System/Library/Frameworks/WebKit.framework/Versions/A/Frameworks/WebCore.framework/Versions/A/WebCore
0x00007ffb29ea4000 	/System/Library/Frameworks/WebKit.framework/Versions/A/Frameworks/WebCore.framework/Versions/A/Frameworks/libANGLE-shared.dylib
0x00007ffd2b663000 	/System/Library/PrivateFrameworks/WebGPU.framework/Versions/A/WebGPU
0x00007ff929065000 	/System/Library/Frameworks/SceneKit.framework/Versions/A/SceneKit
0x00007ffa1a65b000 	/System/Library/Frameworks/ModelIO.framework/Versions/A/ModelIO
0x00007ff8318e6000 	/System/Library/Frameworks/MetalKit.framework/Versions/A/MetalKit
0x00007ff833ddd000 	/System/Library/Frameworks/GLKit.framework/Versions/A/GLKit
0x00007ffd34980000 	/usr/lib/usd/libusd_ms.dylib
0x00007ffd26f77000 	/System/Library/PrivateFrameworks/USDLib_FormatLoaderProxy.framework/Versions/A/USDLib_FormatLoaderProxy
0x00007ffd346c7000 	/usr/lib/swift/libswift_errno.dylib
0x00007ff926187000 	/System/Library/PrivateFrameworks/CoreOptimization.framework/Versions/A/CoreOptimization
0x00007ffb236d1000 	/System/Library/Frameworks/ExtensionKit.framework/Versions/A/ExtensionKit
0x00007ffb324a0000 	/System/Library/PrivateFrameworks/CloudSettings.framework/Versions/A/CloudSettings
0x00007ffb2370f000 	/System/Library/Frameworks/FSKit.framework/Versions/A/FSKit
0x00007ffc2a973000 	/System/Library/PrivateFrameworks/LiveFS.framework/Versions/A/LiveFS
0x00007ff83ab3b000 	/System/Library/Frameworks/EventKit.framework/Versions/A/EventKit
0x00007ff9272d5000 	/System/Library/PrivateFrameworks/SearchFoundation.framework/Versions/A/SearchFoundation
0x00007ffa1df22000 	/System/Library/PrivateFrameworks/Email.framework/Versions/A/Email
0x00007ff925d95000 	/System/Library/PrivateFrameworks/CoreRoutine.framework/Versions/A/CoreRoutine
0x00007ffb1bc4a000 	/System/Library/PrivateFrameworks/VoiceShortcutClient.framework/Versions/A/VoiceShortcutClient
0x00007ff935bcb000 	/System/Library/PrivateFrameworks/Categories.framework/Versions/A/Categories
0x00007ff92de82000 	/System/Library/PrivateFrameworks/ChronoServices.framework/Versions/A/ChronoServices
0x00007ffb31631000 	/System/Library/PrivateFrameworks/CalendarDatabase.framework/Versions/A/CalendarDatabase
0x00007ffb3157b000 	/System/Library/PrivateFrameworks/CalendarDaemon.framework/Versions/A/CalendarDaemon
0x00007ff839e1e000 	/System/Library/PrivateFrameworks/CalendarFoundation.framework/Versions/A/CalendarFoundation
0x00007ff839dd9000 	/System/Library/PrivateFrameworks/iCalendar.framework/Versions/A/iCalendar
0x00007ffb38777000 	/System/Library/PrivateFrameworks/DataAccessExpress.framework/Versions/A/DataAccessExpress
0x00007ff91f03c000 	/System/Library/PrivateFrameworks/ContactsAutocomplete.framework/Versions/A/ContactsAutocomplete
0x00007ffd344d5000 	/usr/lib/swift/libswiftVideoToolbox.dylib
0x00007ff92ddcb000 	/System/Library/PrivateFrameworks/FTClientServices.framework/Versions/A/FTClientServices
0x00007ffc321f2000 	/System/Library/PrivateFrameworks/OSEligibility.framework/Versions/A/OSEligibility
0x00007ffd21913000 	/System/Library/PrivateFrameworks/StorageContainersPrivate.framework/Versions/A/StorageContainersPrivate
0x00007ffd34325000 	/usr/lib/swift/libswiftCoreMediaIO.dylib
0x00007ff91e960000 	/System/Library/PrivateFrameworks/CoreDAV.framework/Versions/A/CoreDAV
0x00007ff83aa0c000 	/System/Library/PrivateFrameworks/CalDAV.framework/Versions/A/CalDAV
0x00007ff923577000 	/System/Library/PrivateFrameworks/TelephonyUtilities.framework/Versions/A/TelephonyUtilities
0x00007ffb24730000 	/System/Library/Frameworks/LiveCommunicationKit.framework/Versions/A/LiveCommunicationKit
0x00007ffb32c9e000 	/System/Library/PrivateFrameworks/CommunicationTrust.framework/Versions/A/CommunicationTrust
0x00007ff927e4a000 	/System/Library/Frameworks/CallKit.framework/Versions/A/CallKit
0x00007ff834d74000 	/System/Library/PrivateFrameworks/CommunicationsFilter.framework/Versions/A/CommunicationsFilter
0x00007ffa31c38000 	/System/Library/PrivateFrameworks/IMTransferServices.framework/Versions/A/IMTransferServices
0x00007ff9261a1000 	/System/Library/PrivateFrameworks/IncomingCallFilter.framework/Versions/A/IncomingCallFilter
0x00007ffc30943000 	/System/Library/PrivateFrameworks/NeighborhoodActivityConduit.framework/Versions/A/NeighborhoodActivityConduit
0x00007ff92a3b4000 	/System/Library/PrivateFrameworks/CallHistory.framework/Versions/A/CallHistory
0x00007ffd32d6f000 	/usr/lib/libBASupport.dylib
0x00007ffb319e9000 	/System/Library/PrivateFrameworks/CallsUtilities.framework/Versions/A/CallsUtilities
0x00007ffb319f3000 	/System/Library/PrivateFrameworks/CallsXPC.framework/Versions/A/CallsXPC
0x00007ffb1c3c7000 	/usr/lib/swift/libswiftCallKit.dylib
0x00007ffb319de000 	/System/Library/PrivateFrameworks/CallsPersistence.framework/Versions/A/CallsPersistence
0x00007ffb280f9000 	/System/Library/Frameworks/SensitiveContentAnalysis.framework/Versions/A/SensitiveContentAnalysis
0x00007ff92b520000 	/System/Library/PrivateFrameworks/PeopleSuggester.framework/Versions/A/PeopleSuggester
0x00007ff9349f7000 	/System/Library/PrivateFrameworks/SpotlightReceiver.framework/Versions/A/SpotlightReceiver
0x00007ffd2d59e000 	/System/Library/PrivateFrameworks/_AppIntentsServices_AppIntents.framework/Versions/A/_AppIntentsServices_AppIntents
0x00007ffb2cff3000 	/System/Library/PrivateFrameworks/AppIntentsServices.framework/Versions/A/AppIntentsServices
0x00007ff839dc3000 	/System/Library/PrivateFrameworks/CoreRecents.framework/Versions/A/CoreRecents
0x00007ffb23d37000 	/System/Library/Frameworks/GeoToolbox.framework/Versions/A/GeoToolbox
0x00007ffb2a346000 	/System/Library/Frameworks/_GeoToolbox_AppIntents.framework/Versions/A/_GeoToolbox_AppIntents
0x00007ffa27a54000 	/System/Library/PrivateFrameworks/DiagnosticRequest.framework/Versions/A/DiagnosticRequest
0x00007ffd2d4f9000 	/System/Library/PrivateFrameworks/XPCDistributed.framework/Versions/A/XPCDistributed
0x00007ffc37532000 	/System/Library/PrivateFrameworks/RegulatoryDomain.framework/Versions/A/RegulatoryDomain
0x00007ff833eb6000 	/usr/lib/libCTGreenTeaLogger.dylib
0x00007ffc2ab66000 	/System/Library/PrivateFrameworks/LocalStatusKit.framework/Versions/A/LocalStatusKit
0x00007ff92345b000 	/System/Library/PrivateFrameworks/CoreParsec.framework/Versions/A/CoreParsec
0x00007ffa1df16000 	/System/Library/PrivateFrameworks/EmailAddressing.framework/Versions/A/EmailAddressing
0x00007ffa19e78000 	/System/Library/PrivateFrameworks/EmailCore.framework/Versions/A/EmailCore
0x00007ffa1af41000 	/System/Library/PrivateFrameworks/EmailFoundation.framework/Versions/A/EmailFoundation
0x00007ffc3365d000 	/System/Library/PrivateFrameworks/PegasusAPI.framework/Versions/A/PegasusAPI
0x00007ffc33fe7000 	/System/Library/PrivateFrameworks/PegasusConfiguration.framework/Versions/A/PegasusConfiguration
0x00007ffd258f2000 	/System/Library/PrivateFrameworks/ToolKit.framework/Versions/A/ToolKit
0x00007ffc37bc1000 	/System/Library/PrivateFrameworks/ReplicatorEngine.framework/Versions/A/ReplicatorEngine
0x00007ffc37d26000 	/System/Library/PrivateFrameworks/ReplicatorServices.framework/Versions/A/ReplicatorServices
0x00007ffd2279f000 	/System/Library/PrivateFrameworks/SystemWake.framework/Versions/A/SystemWake
0x00007ff928014000 	/System/Library/PrivateFrameworks/ContextKit.framework/Versions/A/ContextKit
0x00007ffb331ce000 	/System/Library/PrivateFrameworks/ContextKitCore.framework/Versions/A/ContextKitCore
0x00007ff926416000 	/System/Library/Frameworks/LocalAuthentication.framework/Support/DaemonUtils.framework/Versions/A/DaemonUtils
0x00007ffc2ab02000 	/System/Library/PrivateFrameworks/LocalAuthenticationCoreUI.framework/Versions/A/LocalAuthenticationCoreUI
0x00007ff929a1d000 	/System/Library/PrivateFrameworks/BridgeXPC.framework/Versions/A/BridgeXPC
0x00007ff92719b000 	/System/Library/PrivateFrameworks/CoreKDL.framework/Versions/A/CoreKDL
0x00007ff92575c000 	/System/Library/PrivateFrameworks/EmbeddedOSSupportHost.framework/Versions/A/EmbeddedOSSupportHost
0x00007ff91a1fb000 	/System/Library/PrivateFrameworks/LoginUIKit.framework/Versions/A/LoginUIKit
0x00007ff93602c000 	/System/Library/PrivateFrameworks/StorageKit.framework/Versions/A/StorageKit
0x00007ffb1dd1f000 	/System/Library/Frameworks/DeviceCheck.framework/Versions/A/DeviceCheck
0x00007ff9360a4000 	/System/Library/PrivateFrameworks/CoreWLANKit.framework/Versions/A/CoreWLANKit
0x00007ffd2ab62000 	/System/Library/PrivateFrameworks/Wallpaper.framework/Versions/A/Wallpaper
0x00007ffd3433c000 	/usr/lib/swift/libswiftGLKit.dylib
0x00007ffd34347000 	/usr/lib/swift/libswiftMetalKit.dylib
0x00007ffd3434b000 	/usr/lib/swift/libswiftModelIO.dylib
0x00007ffd34408000 	/usr/lib/swift/libswiftSceneKit.dylib
0x00007ffc18e4e000 	/System/Library/PrivateFrameworks/DiskImages2.framework/Versions/A/DiskImages2
0x00007ffa1ed8f000 	/System/Library/PrivateFrameworks/DynamicDesktop.framework/Versions/A/DynamicDesktop
0x00007ffd2acb0000 	/System/Library/PrivateFrameworks/WallpaperFoundation.framework/Versions/A/WallpaperFoundation
0x00007ffd2acfd000 	/System/Library/PrivateFrameworks/WallpaperTypes.framework/Versions/A/WallpaperTypes
0x00007ffa337f6000 	/System/Library/PrivateFrameworks/SystemDesktopAppearance.framework/Versions/A/SystemDesktopAppearance
0x00007ffd30587000 	/System/Library/PrivateFrameworks/icloudMCCKit.framework/Versions/A/icloudMCCKit
0x00007ffb2decd000 	/System/Library/PrivateFrameworks/AppleAccountUI.framework/Versions/A/AppleAccountUI
0x00007ffa27f8f000 	/System/Library/PrivateFrameworks/PreferencePanesSupport.framework/Versions/A/PreferencePanesSupport
0x00007ff92e167000 	/System/Library/PrivateFrameworks/FindMyDeviceUI.framework/Versions/A/FindMyDeviceUI
0x00007ffd2e1ff000 	/System/Library/PrivateFrameworks/iCloudQuotaUI.framework/Versions/A/iCloudQuotaUI
0x00007ffa2814f000 	/System/Library/PrivateFrameworks/CoreCDPUI.framework/Versions/A/CoreCDPUI
0x00007ff927d8b000 	/System/Library/PrivateFrameworks/CoreFollowUpUI.framework/Versions/A/CoreFollowUpUI
0x00007ff934c88000 	/System/Library/PrivateFrameworks/IMCore.framework/Versions/A/IMCore
0x00007ff91d0fd000 	/System/Library/PrivateFrameworks/CoreCDP.framework/Versions/A/CoreCDP
0x00007ff918e0c000 	/System/Library/PrivateFrameworks/AskPermission.framework/Versions/A/AskPermission
0x00007ff92bc18000 	/System/Library/Frameworks/Quartz.framework/Versions/A/Quartz
0x00007ff93873f000 	/System/Library/PrivateFrameworks/CloudPhotoServicesConfiguration.framework/Versions/A/CloudPhotoServicesConfiguration
0x00007ff92a1d8000 	/System/Library/PrivateFrameworks/CommerceKit.framework/Versions/A/CommerceKit
0x00007ffa19f3c000 	/System/Library/PrivateFrameworks/FindMyMac.framework/Versions/A/FindMyMac
0x00007ffa19e1e000 	/System/Library/Frameworks/PreferencePanes.framework/Versions/A/PreferencePanes
0x00007ff92d5fb000 	/System/Library/Frameworks/AddressBook.framework/Versions/A/AddressBook
0x00007ff83a1e6000 	/System/Library/PrivateFrameworks/AOSAccounts.framework/Versions/A/AOSAccounts
0x00007ff8341b2000 	/System/Library/PrivateFrameworks/AppleSRP.framework/Versions/A/AppleSRP
0x00007ff92633e000 	/System/Library/Frameworks/SafariServices.framework/Versions/A/SafariServices
0x00007ff838c23000 	/System/Library/PrivateFrameworks/NetFSServer.framework/Versions/A/NetFSServer
0x00007ff928f31000 	/System/Library/Frameworks/PDFKit.framework/Versions/A/PDFKit
0x00007ffb295dd000 	/System/Library/Frameworks/TabularData.framework/Versions/A/TabularData
0x00007ffd34360000 	/usr/lib/swift/libswiftPassKit.dylib
0x00007ffa2c274000 	/System/Library/Frameworks/PassKit.framework/Versions/A/PassKit
0x00007ff91a2ff000 	/System/Library/PrivateFrameworks/PassKitCore.framework/Versions/A/PassKitCore
0x00007ffc3309b000 	/System/Library/PrivateFrameworks/PassKitMacHelperTemp.framework/Versions/A/PassKitMacHelperTemp
0x00007ffd32ca3000 	/usr/lib/libAppleSSE.dylib
0x00007ff926449000 	/System/Library/PrivateFrameworks/BiometricKit.framework/Versions/A/BiometricKit
0x00007ffc38300000 	/System/Library/PrivateFrameworks/SEService.framework/Versions/A/SEService
0x00007ffb237c8000 	/System/Library/Frameworks/FinanceKit.framework/Versions/A/FinanceKit
0x00007ff92bcc5000 	/System/Library/PrivateFrameworks/NearField.framework/Versions/A/NearField
0x00007ffd3304a000 	/usr/lib/libSESShared.dylib
0x00007ffc384e2000 	/System/Library/PrivateFrameworks/STSXPCHelperClient.framework/Versions/A/STSXPCHelperClient
0x00007ff92d9e7000 	/usr/lib/libnfshared.dylib
0x00007ffd22553000 	/System/Library/PrivateFrameworks/Symptoms.framework/Versions/A/Frameworks/SymptomPresentationFeed.framework/Versions/A/SymptomPresentationFeed
0x00007ffb2e99c000 	/System/Library/PrivateFrameworks/AppleMediaServicesKitInternal.framework/Versions/A/AppleMediaServicesKitInternal
0x00007ffb2f602000 	/System/Library/PrivateFrameworks/AsyncAlgorithmsInternal.framework/Versions/A/AsyncAlgorithmsInternal
0x00007ffd2228d000 	/System/Library/PrivateFrameworks/SymptomShared.framework/Versions/A/SymptomShared
0x00007ffa2efc9000 	/System/Library/PrivateFrameworks/PassKitUIFoundation.framework/Versions/A/PassKitUIFoundation
0x00007ff833add000 	/System/Library/Frameworks/MapKit.framework/Versions/A/MapKit
0x00007ffc2341b000 	/System/Library/PrivateFrameworks/GeoAnalytics.framework/Versions/A/GeoAnalytics
0x00007ff92da15000 	/System/Library/PrivateFrameworks/Navigation.framework/Versions/A/Navigation
0x00007ff9375f0000 	/System/Library/PrivateFrameworks/VectorKit.framework/Versions/A/VectorKit
0x00007ff91eb9a000 	/System/Library/PrivateFrameworks/VirtualGarage.framework/Versions/A/VirtualGarage
0x00007ff92dc0b000 	/System/Library/Frameworks/ExternalAccessory.framework/ExternalAccessory
0x00007ff92dc25000 	/System/Library/PrivateFrameworks/IAP.framework/Versions/A/IAP
0x00007ff833da7000 	/System/Library/PrivateFrameworks/IOPlatformPluginFamily.framework/Versions/A/IOPlatformPluginFamily
0x00007ffb2fb1d000 	/System/Library/PrivateFrameworks/AvatarKit.framework/Versions/A/AvatarKit
0x00007ffb2fbe7000 	/System/Library/PrivateFrameworks/AvatarPersistence.framework/Versions/A/AvatarPersistence
0x00007ffb29908000 	/System/Library/Frameworks/TipKit.framework/Versions/A/TipKit
0x00007ff919e49000 	/System/Library/PrivateFrameworks/IMSharedUtilities.framework/Versions/A/IMSharedUtilities
0x00007ffd34309000 	/usr/lib/swift/libswiftAppleArchive.dylib
0x00007ffd27b9f000 	/System/Library/PrivateFrameworks/VFX.framework/Versions/A/VFX
0x00007ffa29fcb000 	/System/Library/PrivateFrameworks/AppleCVA.framework/Versions/A/AppleCVA
0x00007ffb2fbe6000 	/System/Library/PrivateFrameworks/AvatarKitContent.framework/Versions/A/AvatarKitContent
0x00007ffb254af000 	/System/Library/Frameworks/MetalFX.framework/Versions/A/MetalFX
0x00007ffb32d8b000 	/System/Library/PrivateFrameworks/CompositorNonUI.framework/Versions/A/CompositorNonUI
0x00007ffb21d7f000 	/System/Library/Frameworks/ARKit.framework/Versions/A/ARKit
0x00007ffb2bb04000 	/System/Library/PrivateFrameworks/ARKitCore.framework/Versions/A/ARKitCore
0x00007ffd32d9c000 	/usr/lib/libDisplayWarpSupport.dylib
0x00007ffb344e7000 	/System/Library/PrivateFrameworks/CoreComposite.framework/Versions/A/CoreComposite
0x00007ffd33136000 	/usr/lib/libchannel.dylib
0x00007ffd33f75000 	/usr/lib/librealtime_safety.dylib
0x00007ffb2bb90000 	/System/Library/PrivateFrameworks/ARKitFoundation.framework/Versions/A/ARKitFoundation
0x00007ffb2df5b000 	/System/Library/PrivateFrameworks/AppleDepth.framework/Versions/A/AppleDepth
0x00007ffb2e11e000 	/System/Library/PrivateFrameworks/AppleDepthCore.framework/Versions/A/AppleDepthCore
0x00007ff833ee3000 	/System/Library/PrivateFrameworks/CoreAppleCVA.framework/Versions/A/CoreAppleCVA
0x00007ff91ecdc000 	/System/Library/PrivateFrameworks/ContactsUICore.framework/Versions/A/ContactsUICore
0x00007ff9262a7000 	/System/Library/PrivateFrameworks/ContactsDonation.framework/Versions/A/ContactsDonation
0x00007ff925b64000 	/System/Library/PrivateFrameworks/DataDetectors.framework/Versions/A/DataDetectors
0x00007ff83a9fa000 	/System/Library/Frameworks/MediaLibrary.framework/Versions/A/MediaLibrary
0x00007ff834d65000 	/System/Library/PrivateFrameworks/PersonaKit.framework/Versions/A/PersonaKit
0x00007ff91eccb000 	/System/Library/PrivateFrameworks/PersonaUI.framework/Versions/A/PersonaUI
0x00007ffa1983c000 	/System/Library/PrivateFrameworks/Transparency.framework/Versions/A/Transparency
0x00007ffc1a63e000 	/System/Library/PrivateFrameworks/FindMyLocate.framework/Versions/A/FindMyLocate
0x00007ff927d0b000 	/System/Library/PrivateFrameworks/IntlPreferences.framework/Versions/A/IntlPreferences
0x00007ffc1a53b000 	/System/Library/PrivateFrameworks/FindMyCommon.framework/Versions/A/FindMyCommon
0x00007ffc1a384000 	/System/Library/PrivateFrameworks/FindMyBase.framework/Versions/A/FindMyBase
0x00007ffb26e86000 	/System/Library/Frameworks/NearbyInteraction.framework/Versions/A/NearbyInteraction
0x00007ff8349a7000 	/System/Library/PrivateFrameworks/AddressBookCore.framework/Versions/A/AddressBookCore
0x00007ff92d77f000 	/System/Library/PrivateFrameworks/ToneKit.framework/Versions/A/ToneKit
0x00007ff927d51000 	/System/Library/PrivateFrameworks/ToneLibrary.framework/Versions/A/ToneLibrary
0x00007ffb33056000 	/System/Library/PrivateFrameworks/ContactsAccounts.framework/Versions/A/ContactsAccounts
0x00007ff92bb38000 	/System/Library/PrivateFrameworks/Lookup.framework/Versions/A/Lookup
0x00007ffb276a9000 	/System/Library/Frameworks/QuickLookUI.framework/Versions/A/QuickLookUI
0x00007ffb28079000 	/System/Library/Frameworks/ScreenCaptureKit.framework/Versions/A/ScreenCaptureKit
0x00007ff928a63000 	/System/Library/Frameworks/Quartz.framework/Versions/A/Frameworks/QuartzComposer.framework/Versions/A/QuartzComposer
0x00007ff927ce2000 	/System/Library/Frameworks/Quartz.framework/Versions/A/Frameworks/QuartzFilters.framework/Versions/A/QuartzFilters
0x00007ff926c71000 	/System/Library/Frameworks/Quartz.framework/Versions/A/Frameworks/ImageKit.framework/Versions/A/ImageKit
0x00007ff92515e000 	/System/Library/PrivateFrameworks/CorePDF.framework/Versions/A/CorePDF
0x00007ff831883000 	/System/Library/Frameworks/QuickLook.framework/Versions/A/QuickLook
0x00007ff91a1f6000 	/System/Library/PrivateFrameworks/DisplayServices.framework/Versions/A/DisplayServices
0x00007ff927c60000 	/System/Library/Frameworks/ImageCaptureCore.framework/Versions/A/ImageCaptureCore
0x00007ffd29afe000 	/System/Library/PrivateFrameworks/VisionKitCore.framework/Versions/A/VisionKitCore
0x00007ff92342c000 	/System/Library/PrivateFrameworks/QuickLookSupport.framework/Versions/A/QuickLookSupport
0x00007ffc2d754000 	/System/Library/PrivateFrameworks/MediaAnalysisServices.framework/Versions/A/MediaAnalysisServices
0x00007ff92aa7a000 	/System/Library/PrivateFrameworks/PhotoLibraryServices.framework/Versions/A/PhotoLibraryServices
0x00007ff927852000 	/System/Library/Frameworks/Photos.framework/Versions/A/Photos
0x00007ffa1c271000 	/System/Library/PrivateFrameworks/PhotosFormats.framework/Versions/A/PhotosFormats
0x00007ffa18784000 	/System/Library/PrivateFrameworks/CloudPhotoLibrary.framework/Versions/A/CloudPhotoLibrary
0x00007ffa21a74000 	/System/Library/PrivateFrameworks/CloudPhotoServices.framework/Versions/A/CloudPhotoServices
0x00007ffa1e07f000 	/System/Library/PrivateFrameworks/CoreMediaStream.framework/Versions/A/CoreMediaStream
0x00007ff8357b2000 	/System/Library/PrivateFrameworks/CPAnalytics.framework/Versions/A/CPAnalytics
0x00007ffa1a58d000 	/System/Library/PrivateFrameworks/MediaConversionService.framework/Versions/A/MediaConversionService
0x00007ff919e37000 	/System/Library/PrivateFrameworks/PhotoFoundation.framework/Versions/A/PhotoFoundation
0x00007ffc3456d000 	/System/Library/PrivateFrameworks/PhotoLibraryServicesCore.framework/Versions/A/PhotoLibraryServicesCore
0x00007ff9343f6000 	/System/Library/PrivateFrameworks/MMCS.framework/Versions/A/MMCS
0x00007ff83a837000 	/System/Library/PrivateFrameworks/ChunkingLibrary.framework/Versions/A/ChunkingLibrary
0x00007ff834182000 	/System/Library/PrivateFrameworks/AssetCacheServices.framework/Versions/A/AssetCacheServices
0x00007ff8363ef000 	/System/Library/PrivateFrameworks/AVFoundationCF.framework/Versions/A/AVFoundationCF
0x00007ffa31b32000 	/usr/lib/swift/libswiftDemangle.dylib
0x00007ffc26336000 	/System/Library/PrivateFrameworks/ImageCaptureDevices.framework/Versions/A/ImageCaptureDevices
0x00007ff925e28000 	/System/Library/PrivateFrameworks/MediaStream.framework/Versions/A/MediaStream
0x00007ffa1aa81000 	/System/Library/PrivateFrameworks/NeutrinoCore.framework/Versions/A/NeutrinoCore
0x00007ff822902000 	/System/Library/PrivateFrameworks/NLP.framework/Versions/A/NLP
0x00007ffa207d7000 	/System/Library/PrivateFrameworks/PhotoImaging.framework/Versions/A/PhotoImaging
0x00007ffa21a34000 	/System/Library/PrivateFrameworks/PhotosImagingFoundation.framework/Versions/A/PhotosImagingFoundation
0x00007ffc35124000 	/System/Library/PrivateFrameworks/PhotosIntelligenceCore.framework/Versions/A/PhotosIntelligenceCore
0x00007ff83684a000 	/System/Library/PrivateFrameworks/EmbeddedAcousticRecognition.framework/Versions/A/EmbeddedAcousticRecognition
0x00007ff92f497000 	/System/Library/PrivateFrameworks/EmojiFoundation.framework/Versions/A/EmojiFoundation
0x00007ffa18a09000 	/System/Library/PrivateFrameworks/SDAPI.framework/Versions/A/SDAPI
0x00007ffa21a82000 	/System/Library/PrivateFrameworks/AutoLoop.framework/Versions/A/AutoLoop
0x00007ffc35c15000 	/System/Library/PrivateFrameworks/Portrait.framework/Versions/A/Portrait
0x00007ffc1ac4c000 	/System/Library/PrivateFrameworks/FusionTracker.framework/Versions/A/FusionTracker
0x00007ff9284f2000 	/System/Library/PrivateFrameworks/iTunesCloud.framework/Versions/A/iTunesCloud
0x00007ff9315b3000 	/System/Library/PrivateFrameworks/DAAPKit.framework/Versions/A/DAAPKit
0x00007ff9237a6000 	/System/Library/PrivateFrameworks/DeviceManagement.framework/Versions/A/DeviceManagement
0x00007ffa279a7000 	/System/Library/PrivateFrameworks/ScreenTimeUI.framework/Versions/A/ScreenTimeUI
0x00007ff925b5e000 	/System/Library/PrivateFrameworks/QuickLookNonBaseSystem.framework/Versions/A/QuickLookNonBaseSystem
0x00007ff92637c000 	/System/Library/PrivateFrameworks/Catalyst.framework/Versions/A/Catalyst
0x00007ff927eec000 	/System/Library/PrivateFrameworks/ScreenTimeCore.framework/Versions/A/ScreenTimeCore
0x00007ffa1b6d9000 	/System/Library/PrivateFrameworks/ScreenTimeServiceUI.framework/Versions/A/ScreenTimeServiceUI
0x00007ff934593000 	/System/Library/PrivateFrameworks/ConfigurationEngineModel.framework/Versions/A/ConfigurationEngineModel
0x00007ff9375a2000 	/System/Library/PrivateFrameworks/UsageTracking.framework/Versions/A/UsageTracking
0x00007ffb234a6000 	/System/Library/Frameworks/DeviceActivity.framework/Versions/A/DeviceActivity
0x00007ff937574000 	/System/Library/PrivateFrameworks/KnowledgeMonitor.framework/Versions/A/KnowledgeMonitor
0x00007ffa2ef70000 	/System/Library/PrivateFrameworks/BluetoothManager.framework/Versions/A/BluetoothManager
0x00007ffb24836000 	/System/Library/Frameworks/ManagedSettings.framework/Versions/A/ManagedSettings
0x00007ffc2ce74000 	/System/Library/PrivateFrameworks/ManagedSettingsSupport.framework/Versions/A/ManagedSettingsSupport
0x00007ffa2c375000 	/System/Library/Frameworks/ReplayKit.framework/Versions/A/ReplayKit
0x00007ff91b1ff000 	/System/Library/PrivateFrameworks/MarkupUI.framework/Versions/A/MarkupUI
0x00007ff925b38000 	/System/Library/PrivateFrameworks/SidecarCore.framework/Versions/A/SidecarCore
0x00007ff928905000 	/System/Library/PrivateFrameworks/AnnotationKit.framework/Versions/A/AnnotationKit
0x00007ff926ed1000 	/System/Library/Frameworks/PencilKit.framework/Versions/A/PencilKit
0x00007ff9270a9000 	/System/Library/PrivateFrameworks/SidecarUI.framework/Versions/A/SidecarUI
0x00007ff92674a000 	/System/Library/PrivateFrameworks/CoreHandwriting.framework/Versions/A/CoreHandwriting
0x00007ff81c274000 	/usr/lib/libmecabra.dylib
0x00007ff91f243000 	/System/Library/PrivateFrameworks/Calculate.framework/Versions/A/Calculate
0x00007ff82ccf1000 	/usr/lib/libChineseTokenizer.dylib
0x00007ffb1c1b9000 	/System/Library/PrivateFrameworks/ScreenReaderCore.framework/Versions/A/ScreenReaderCore
0x00007ffd218ba000 	/System/Library/PrivateFrameworks/StocksKit.framework/Versions/A/StocksKit
0x00007ff91e2ca000 	/System/Library/PrivateFrameworks/OAuth.framework/Versions/A/OAuth
0x00007ffd21609000 	/System/Library/PrivateFrameworks/StocksCore.framework/Versions/A/StocksCore
0x00007ffd22a68000 	/System/Library/PrivateFrameworks/TeaFoundation.framework/Versions/A/TeaFoundation
0x00007ffd22be7000 	/System/Library/PrivateFrameworks/TeaSettings.framework/Versions/A/TeaSettings
0x00007ffa33062000 	/System/Library/PrivateFrameworks/NewsCore.framework/Versions/A/NewsCore
0x00007ffd22a12000 	/System/Library/PrivateFrameworks/TeaDB.framework/Versions/A/TeaDB
0x00007ffa30112000 	/System/Library/PrivateFrameworks/RemoteConfiguration.framework/Versions/A/RemoteConfiguration
0x00007ffa32c08000 	/System/Library/PrivateFrameworks/NewsTransport.framework/Versions/A/NewsTransport
0x00007ffa33054000 	/System/Library/PrivateFrameworks/NewsFoundation.framework/Versions/A/NewsFoundation
0x00007ffc30f01000 	/System/Library/PrivateFrameworks/NewsURLBucket.framework/Versions/A/NewsURLBucket
0x00007ff92a58c000 	/System/Library/PrivateFrameworks/MobileInstallation.framework/Versions/A/MobileInstallation
0x00007ffb29a56000 	/System/Library/Frameworks/Translation.framework/Versions/A/Translation
0x00007ffa233aa000 	/System/Library/PrivateFrameworks/RevealCore.framework/Versions/A/RevealCore
0x00007ffa2339f000 	/System/Library/PrivateFrameworks/Reveal.framework/Versions/A/Reveal
0x00007ffa1b3db000 	/System/Library/Frameworks/Speech.framework/Versions/A/Speech
0x00007ffb2ab27000 	/System/Library/PrivateFrameworks/AIMLExperimentationAnalytics.framework/Versions/A/AIMLExperimentationAnalytics
0x00007ffb2cc1b000 	/System/Library/PrivateFrameworks/AlgorithmsInternal.framework/Versions/A/AlgorithmsInternal
0x00007ffd25ffd000 	/System/Library/PrivateFrameworks/TranslationUIServices.framework/Versions/A/TranslationUIServices
0x00007ffd25121000 	/System/Library/PrivateFrameworks/TipKitCore.framework/Versions/A/TipKitCore
0x00007ff92f517000 	/System/Library/PrivateFrameworks/CoreCDPInternal.framework/Versions/A/CoreCDPInternal
0x00007ffc26a03000 	/System/Library/PrivateFrameworks/InputAnalytics.framework/Versions/A/InputAnalytics
0x00007ff935525000 	/System/Library/Frameworks/InstantMessage.framework/Versions/A/InstantMessage
0x00007ff92d508000 	/System/Library/PrivateFrameworks/IDSKVStore.framework/Versions/A/IDSKVStore
0x00007ff92d1f4000 	/System/Library/PrivateFrameworks/IMDPersistence.framework/Versions/A/IMDPersistence
0x00007ffd27aa2000 	/System/Library/PrivateFrameworks/UserSafety.framework/Versions/A/UserSafety
0x00007ffa2e23b000 	/System/Library/PrivateFrameworks/BlastDoor.framework/Versions/A/BlastDoor
0x00007ffc2a7c5000 	/System/Library/PrivateFrameworks/LinkPresentationStyleSheetParsing.framework/Versions/A/LinkPresentationStyleSheetParsing
0x00007ffc35dc6000 	/System/Library/PrivateFrameworks/PosterFoundation.framework/Versions/A/PosterFoundation
0x00007ffc35e50000 	/System/Library/PrivateFrameworks/PosterModel.framework/Versions/A/PosterModel
0x00007ffc35e2e000 	/System/Library/PrivateFrameworks/PosterFuturesKit.framework/Versions/A/PosterFuturesKit
0x00007ffc1a1bf000 	/System/Library/PrivateFrameworks/FeedbackService.framework/Versions/A/FeedbackService
0x00007ff926201000 	/System/Library/PrivateFrameworks/CoreSDB.framework/Versions/A/CoreSDB
0x00007ffb2f40b000 	/System/Library/PrivateFrameworks/AskToCore.framework/Versions/A/AskToCore
0x00007ffa2814c000 	/System/Library/PrivateFrameworks/MachineSettings.framework/Versions/A/MachineSettings
0x00007ffa19da2000 	/System/Library/PrivateFrameworks/BezelServices.framework/Versions/A/BezelServices
0x00007ff931643000 	/System/Library/PrivateFrameworks/SPOwner.framework/Versions/A/SPOwner
0x00007ff92a23a000 	/System/Library/PrivateFrameworks/FMCore.framework/Versions/A/FMCore
0x00007ff929a52000 	/System/Library/PrivateFrameworks/AppleMediaServicesUI.framework/Versions/A/AppleMediaServicesUI
0x00007ffd2e160000 	/System/Library/PrivateFrameworks/iCloudQuota.framework/Versions/A/iCloudQuota
0x00007ff91ec37000 	/System/Library/PrivateFrameworks/CoreRecognition.framework/Versions/A/CoreRecognition
0x00007ffa19e54000 	/System/Library/PrivateFrameworks/InAppMessages.framework/Versions/A/InAppMessages
0x00007ffb1ae8d000 	/System/Library/PrivateFrameworks/JetUI.framework/Versions/A/JetUI
0x00007ffc29c56000 	/System/Library/PrivateFrameworks/JetPack.framework/Versions/A/JetPack
0x00007ffa19e4c000 	/System/Library/PrivateFrameworks/InAppMessagesCore.framework/Versions/A/InAppMessagesCore
0x00007ffd2d5de000 	/System/Library/PrivateFrameworks/_JetEngine_SwiftUI.framework/Versions/A/_JetEngine_SwiftUI
0x00007ffd2257b000 	/System/Library/PrivateFrameworks/Synapse.framework/Versions/A/Synapse
0x00007ffb31408000 	/System/Library/PrivateFrameworks/CSExattrCrypto.framework/Versions/A/CSExattrCrypto
0x00007ff92b832000 	/System/Library/PrivateFrameworks/StoreFoundation.framework/Versions/A/StoreFoundation
0x00007ff92a234000 	/System/Library/PrivateFrameworks/ServerInformation.framework/Versions/A/ServerInformation
0x00007ff929c5e000 	/System/Library/PrivateFrameworks/Install.framework/Frameworks/DistributionKit.framework/Versions/A/DistributionKit
0x00007ff9231f1000 	/System/Library/PrivateFrameworks/PackageKit.framework/Versions/A/PackageKit
0x00007ff929c7f000 	/System/Library/PrivateFrameworks/OSPersonalization.framework/Versions/A/OSPersonalization
0x00007ff92bda1000 	/System/Library/PrivateFrameworks/BridgeOSSoftwareUpdate.framework/Versions/A/BridgeOSSoftwareUpdate
0x00007ff92666a000 	/System/Library/PrivateFrameworks/StorageManagement.framework/Versions/A/StorageManagement
0x00007ffa1b266000 	/usr/lib/libauthinstall.dylib
0x00007ff92bda9000 	/System/Library/PrivateFrameworks/InstallerDiagnostics.framework/Versions/A/InstallerDiagnostics
0x00007ffa1b8a7000 	/usr/lib/libcrypto.42.dylib
0x00007ffd3486b000 	/usr/lib/updaters/libAppleTconUARPUpdater.dylib
0x00007ff92bd91000 	/System/Library/PrivateFrameworks/GPUInfo.framework/Versions/A/GPUInfo
0x00007ffa19f42000 	/System/Library/PrivateFrameworks/MobileActivationMacOS.framework/Versions/A/MobileActivationMacOS
0x00007ff91e208000 	/System/Library/PrivateFrameworks/AccountsDaemon.framework/Versions/A/AccountsDaemon
0x00007ffc2336b000 	/System/Library/PrivateFrameworks/GenerativePartnerService.framework/Versions/A/GenerativePartnerService
0x00007ff82ff56000 	/System/Library/PrivateFrameworks/CacheDelete.framework/Versions/A/CacheDelete
0x00007ff838d3f000 	/System/Library/Frameworks/QuickLookThumbnailing.framework/Versions/A/QuickLookThumbnailing
0x00007ff92bdf1000 	/System/Library/PrivateFrameworks/AOSKit.framework/Versions/A/AOSKit
0x00007ff82cfe0000 	/System/Library/PrivateFrameworks/AppSSOCore.framework/Versions/A/AppSSOCore
0x00007ff925541000 	/System/Library/Frameworks/AVFoundation.framework/Versions/A/AVFoundation
0x00007ffb2fc7d000 	/System/Library/PrivateFrameworks/BackgroundSystemTasks.framework/Versions/A/BackgroundSystemTasks
0x00007ff838c5b000 	/System/Library/PrivateFrameworks/DuetActivityScheduler.framework/Versions/A/DuetActivityScheduler
0x00007ff938697000 	/System/Library/PrivateFrameworks/NetworkServiceProxy.framework/Versions/A/NetworkServiceProxy
0x00007ff833e17000 	/usr/lib/libnetworkextension.dylib
0x00007ff836764000 	/System/Library/PrivateFrameworks/Rapport.framework/Versions/A/Rapport
0x00007ffd2229c000 	/System/Library/PrivateFrameworks/Symptoms.framework/Versions/A/Frameworks/SymptomAnalytics.framework/Versions/A/SymptomAnalytics
0x00007ff830a2e000 	/System/Library/Frameworks/NetworkExtension.framework/Versions/A/NetworkExtension
0x00007ff8374c4000 	/System/Library/PrivateFrameworks/CoreDuetContext.framework/Versions/A/CoreDuetContext
0x00007ff820dd4000 	/System/Library/PrivateFrameworks/CoreDuet.framework/Versions/A/CoreDuet
0x00007ff919bac000 	/System/Library/PrivateFrameworks/AssistantServices.framework/Versions/A/AssistantServices
0x00007ff83655c000 	/System/Library/PrivateFrameworks/SAObjects.framework/Versions/A/SAObjects
0x00007ff919789000 	/System/Library/PrivateFrameworks/MediaRemote.framework/Versions/A/MediaRemote
0x00007ff92c1de000 	/System/Library/PrivateFrameworks/SiriInstrumentation.framework/Versions/A/SiriInstrumentation
0x00007ffd1a00f000 	/System/Library/PrivateFrameworks/SiriAnalytics.framework/Versions/A/SiriAnalytics
0x00007ffd1f4cb000 	/System/Library/PrivateFrameworks/SiriTTSService.framework/Versions/A/SiriTTSService
0x00007ffd1a823000 	/System/Library/PrivateFrameworks/SiriCrossDeviceArbitration.framework/Versions/A/SiriCrossDeviceArbitration
0x00007ff929a27000 	/System/Library/PrivateFrameworks/FeedbackLogger.framework/Versions/A/FeedbackLogger
0x00007ffc19dad000 	/System/Library/PrivateFrameworks/FaceTimeNameUtility.framework/Versions/A/FaceTimeNameUtility
0x00007ffd1a872000 	/System/Library/PrivateFrameworks/SiriCrossDeviceArbitrationFeedback.framework/Versions/A/SiriCrossDeviceArbitrationFeedback
0x00007ffc2325e000 	/System/Library/PrivateFrameworks/GenerativeModels.framework/Versions/A/GenerativeModels
0x00007ffb21ebc000 	/System/Library/Frameworks/AVRouting.framework/Versions/A/AVRouting
0x00007ff91ea55000 	/System/Library/PrivateFrameworks/MediaServices.framework/Versions/A/MediaServices
0x00007ff83637b000 	/System/Library/Frameworks/LocalAuthentication.framework/Versions/A/LocalAuthentication
0x00007ffc2a9e1000 	/System/Library/PrivateFrameworks/LocalAuthenticationCore.framework/Versions/A/LocalAuthenticationCore
0x00007ffc2ab3e000 	/System/Library/PrivateFrameworks/LocalAuthenticationCredentialServices.framework/Versions/A/LocalAuthenticationCredentialServices
0x00007ff8363de000 	/System/Library/Frameworks/LocalAuthentication.framework/Support/SharedUtils.framework/Versions/A/SharedUtils
0x00007ff82d42f000 	/System/Library/PrivateFrameworks/PersistentConnection.framework/Versions/A/PersistentConnection
0x00007ffd20a72000 	/System/Library/PrivateFrameworks/SonicFoundation.framework/Versions/A/SonicFoundation
0x00007ffc18810000 	/System/Library/PrivateFrameworks/Dendrite.framework/Versions/A/Dendrite
0x00007ff92e1b7000 	/usr/lib/libtailspin.dylib
0x00007ffa21b92000 	/System/Library/PrivateFrameworks/Osprey.framework/Versions/A/Osprey
0x00007ffd1ead4000 	/System/Library/PrivateFrameworks/SiriTTS.framework/Versions/A/SiriTTS
0x00007ff9262c2000 	/System/Library/Frameworks/NaturalLanguage.framework/Versions/A/NaturalLanguage
0x00007ffd1da89000 	/System/Library/PrivateFrameworks/SiriPowerInstrumentation.framework/Versions/A/SiriPowerInstrumentation
0x00007ff92722a000 	/System/Library/PrivateFrameworks/Trial.framework/Versions/A/Trial
0x00007ff9271ac000 	/System/Library/PrivateFrameworks/TrialProto.framework/Versions/A/TrialProto
0x00007ffd27246000 	/System/Library/PrivateFrameworks/UnifiedAssetFramework.framework/Versions/A/UnifiedAssetFramework
0x00007ffa23ba7000 	/usr/lib/swift/libswiftAVFoundation.dylib
0x00007ffa339e6000 	/usr/lib/swift/libswiftNaturalLanguage.dylib
0x00007ffd22a10000 	/System/Library/PrivateFrameworks/TailspinSymbolication.framework/Versions/A/TailspinSymbolication
0x00007ffb3863f000 	/System/Library/PrivateFrameworks/Darwinup.framework/Versions/A/Darwinup
0x00007ffa1a5c7000 	/System/Library/PrivateFrameworks/SignpostSupport.framework/Versions/A/SignpostSupport
0x00007ff92618c000 	/System/Library/PrivateFrameworks/FeatureFlagsSupport.framework/Versions/A/FeatureFlagsSupport
0x00007ffa19cbb000 	/System/Library/PrivateFrameworks/ktrace.framework/Versions/A/ktrace
0x00007ffa1a81a000 	/System/Library/PrivateFrameworks/SampleAnalysis.framework/Versions/A/SampleAnalysis
0x00007ffa23365000 	/System/Library/PrivateFrameworks/kperfdata.framework/Versions/A/kperfdata
0x00007ff8319af000 	/usr/lib/libdscsym.dylib
0x00007ffa238ea000 	/System/Library/PrivateFrameworks/BulkSymbolication.framework/Versions/A/BulkSymbolication
0x00007ff838d86000 	/System/Library/PrivateFrameworks/Espresso.framework/Versions/A/Espresso
0x00007ff82635f000 	/System/Library/Frameworks/CoreML.framework/Versions/A/CoreML
0x00007ffb1c529000 	/System/Library/PrivateFrameworks/ANECompiler.framework/Versions/A/ANECompiler
0x00007ff9189e8000 	/System/Library/PrivateFrameworks/AppleNeuralEngine.framework/Versions/A/AppleNeuralEngine
0x00007ffb2556b000 	/System/Library/Frameworks/MetalPerformanceShadersGraph.framework/Versions/A/MetalPerformanceShadersGraph
0x00007ffc2b46c000 	/System/Library/PrivateFrameworks/MLCompilerServices.framework/Versions/A/MLCompilerServices
0x00007ff839d06000 	/System/Library/PrivateFrameworks/ANEServices.framework/Versions/A/ANEServices
0x00007ffc31fea000 	/System/Library/PrivateFrameworks/ODIE.framework/Versions/A/ODIE
0x00007ffc2b411000 	/System/Library/PrivateFrameworks/MLCompilerRuntime.framework/Versions/A/MLCompilerRuntime
0x00007ff82a9e5000 	/System/Library/Frameworks/MLCompute.framework/Versions/A/MLCompute
0x00007ffc2b397000 	/System/Library/PrivateFrameworks/MLAssetIO.framework/Versions/A/MLAssetIO
0x00007ffd34340000 	/usr/lib/swift/libswiftMLCompute.dylib
0x00007ff835eee000 	/System/Library/PrivateFrameworks/AVFCore.framework/Versions/A/AVFCore
0x00007ff91d182000 	/System/Library/PrivateFrameworks/AVFCapture.framework/Versions/A/AVFCapture
0x00007ffb310e3000 	/System/Library/PrivateFrameworks/CMImaging.framework/Versions/A/CMImaging
0x00007ff91d3cf000 	/System/Library/PrivateFrameworks/Quagga.framework/Versions/A/Quagga
0x00007ff91d4fe000 	/System/Library/PrivateFrameworks/CMCapture.framework/Versions/A/CMCapture
0x00007ff82fb8a000 	/System/Library/Frameworks/CoreMediaIO.framework/Versions/A/CoreMediaIO
0x00007ffb3101c000 	/System/Library/PrivateFrameworks/CMCaptureDevice.framework/Versions/A/CMCaptureDevice
0x00007ff82d593000 	/System/Library/PrivateFrameworks/CoreBrightness.framework/Versions/A/CoreBrightness
0x00007ffb31ecf000 	/System/Library/PrivateFrameworks/CinematicFraming.framework/Versions/A/CinematicFraming
0x00007ffd22729000 	/System/Library/PrivateFrameworks/SystemStatus.framework/Versions/A/SystemStatus
0x00007ff925160000 	/System/Library/Frameworks/CoreMotion.framework/Versions/A/CoreMotion
0x00007ff9355fd000 	/System/Library/PrivateFrameworks/TimeSync.framework/Versions/A/TimeSync
0x00007ffc19054000 	/System/Library/PrivateFrameworks/DistributedSensing.framework/Versions/A/DistributedSensing
0x00007ff93088b000 	/System/Library/PrivateFrameworks/MobileBluetooth.framework/Versions/A/MobileBluetooth
0x00007ff9371ec000 	/System/Library/PrivateFrameworks/IOKitten.framework/Versions/A/IOKitten
0x00007ff81d51f000 	/System/Library/PrivateFrameworks/LanguageModeling.framework/Versions/A/LanguageModeling
0x00007ff8226d0000 	/System/Library/PrivateFrameworks/Montreal.framework/Versions/A/Montreal
0x00007ff82b4a5000 	/usr/lib/libcmph.dylib
0x00007ffc23312000 	/System/Library/PrivateFrameworks/GenerativeModelsFoundation.framework/Versions/A/GenerativeModelsFoundation
0x00007ffd2542d000 	/System/Library/PrivateFrameworks/TokenGeneration.framework/Versions/A/TokenGeneration
0x00007ffc23152000 	/System/Library/PrivateFrameworks/GenerativeFunctions.framework/Versions/A/GenerativeFunctions
0x00007ffc23192000 	/System/Library/PrivateFrameworks/GenerativeFunctionsFoundation.framework/Versions/A/GenerativeFunctionsFoundation
0x00007ffc2ea64000 	/System/Library/PrivateFrameworks/ModelCatalog.framework/Versions/A/ModelCatalog
0x00007ffd195be000 	/System/Library/PrivateFrameworks/SensitiveContentAnalysisML.framework/Versions/A/SensitiveContentAnalysisML
0x00007ffc2320c000 	/System/Library/PrivateFrameworks/GenerativeFunctionsInstrumentation.framework/Versions/A/GenerativeFunctionsInstrumentation
0x00007ffc36d14000 	/System/Library/PrivateFrameworks/PromptKit.framework/Versions/A/PromptKit
0x00007ffc3686e000 	/System/Library/PrivateFrameworks/ProactiveDaemonSupport.framework/Versions/A/ProactiveDaemonSupport
0x00007ffc2ee56000 	/System/Library/PrivateFrameworks/ModelManagerServices.framework/Versions/A/ModelManagerServices
0x00007ffd25613000 	/System/Library/PrivateFrameworks/TokenGenerationCore.framework/Versions/A/TokenGenerationCore
0x00007ffb2e511000 	/System/Library/PrivateFrameworks/AppleIntelligenceReporting.framework/Versions/A/AppleIntelligenceReporting
0x00007ffb2e1fd000 	/System/Library/PrivateFrameworks/AppleFlatBuffers.framework/Versions/A/AppleFlatBuffers
0x00007ffd197a9000 	/System/Library/PrivateFrameworks/SentencePieceInternal.framework/Versions/A/SentencePieceInternal
0x00007ff8341f2000 	/System/Library/Frameworks/Vision.framework/Versions/A/Vision
0x00007ffb3806d000 	/System/Library/PrivateFrameworks/CoreSceneUnderstanding.framework/Versions/A/CoreSceneUnderstanding
0x00007ffd29ab1000 	/System/Library/PrivateFrameworks/VisionCore.framework/Versions/A/VisionCore
0x00007ff92f5e7000 	/System/Library/Frameworks/Vision.framework/libfaceCore.dylib
0x00007ff93030b000 	/System/Library/PrivateFrameworks/Futhark.framework/Versions/A/Futhark
0x00007ff9344a4000 	/System/Library/PrivateFrameworks/InertiaCam.framework/Versions/A/InertiaCam
0x00007ff930070000 	/System/Library/PrivateFrameworks/TextRecognition.framework/Versions/A/TextRecognition
0x00007ff82d000000 	/System/Library/PrivateFrameworks/CVNLP.framework/Versions/A/CVNLP
0x00007ff825e16000 	/System/Library/PrivateFrameworks/ApplePushService.framework/Versions/A/ApplePushService
0x00007ff825e7d000 	/System/Library/Frameworks/CloudKit.framework/Versions/A/CloudKit
0x00007ff839eb9000 	/System/Library/PrivateFrameworks/CoreDuetDaemonProtocol.framework/Versions/A/CoreDuetDaemonProtocol
0x00007ffa1ce42000 	/System/Library/PrivateFrameworks/DeviceIdentity.framework/Versions/A/DeviceIdentity
0x00007ffb28265000 	/System/Library/Frameworks/SharedWithYouCore.framework/Versions/A/SharedWithYouCore
0x00007ffb32657000 	/System/Library/PrivateFrameworks/CloudTelemetry.framework/Versions/A/CloudTelemetry
0x00007ff8387f8000 	/System/Library/PrivateFrameworks/AppleAccount.framework/Versions/A/AppleAccount
0x00007ff838ce6000 	/System/Library/PrivateFrameworks/C2.framework/Versions/A/C2
0x00007ffb3230b000 	/System/Library/PrivateFrameworks/CloudCoreInternal.framework/Versions/A/CloudCoreInternal
0x00007ffb32111000 	/System/Library/PrivateFrameworks/CloudAsset.framework/Versions/A/CloudAsset
0x00007ff838cde000 	/System/Library/Frameworks/PushKit.framework/Versions/A/PushKit
0x00007ffb32673000 	/System/Library/PrivateFrameworks/CloudTelemetryTools.framework/Versions/A/CloudTelemetryTools
0x00007ff83ad51000 	/System/Library/PrivateFrameworks/RTCReporting.framework/Versions/A/RTCReporting
0x00007ffb2aa29000 	/System/Library/PrivateFrameworks/AAAFoundationSwift.framework/Versions/A/AAAFoundationSwift
0x00007ff8389e3000 	/System/Library/PrivateFrameworks/AppleIDSSOAuthentication.framework/Versions/A/AppleIDSSOAuthentication
0x00007ff92b6cd000 	/System/Library/PrivateFrameworks/CaptiveNetwork.framework/Versions/A/CaptiveNetwork
0x00007ff83828f000 	/System/Library/PrivateFrameworks/EAP8021X.framework/Versions/A/EAP8021X
0x00007ffb38442000 	/System/Library/PrivateFrameworks/CryptoKitPrivate.framework/Versions/A/CryptoKitPrivate
0x00007ff92578b000 	/System/Library/PrivateFrameworks/FindMyDevice.framework/Versions/A/FindMyDevice
0x00007ff91a2e2000 	/System/Library/PrivateFrameworks/FMCoreLite.framework/Versions/A/FMCoreLite
0x00007ff82a5bb000 	/System/Library/Frameworks/ServiceManagement.framework/Versions/A/ServiceManagement
0x00007ffa1a7e4000 	/System/Library/PrivateFrameworks/UIKitServices.framework/Versions/A/UIKitServices
0x0000000180502000 	/System/Library/Extensions/AGXMetalG16G_B0.bundle/Contents/MacOS/AGXMetalG16G_B0
0x00007ff91e8f5000 	/System/Library/PrivateFrameworks/IOGPU.framework/Versions/A/IOGPU
0x000000017f0bc000 	/Users/saahibm.singh/.p2/pool/plugins/org.eclipse.justj.openjdk.hotspot.jre.full.macosx.x86_64_21.0.9.v20251105-0741/jre/lib/libosxui.dylib
0x00007ffd23146000 	/System/Library/PrivateFrameworks/TextInputUI.framework/Versions/A/TextInputUI
0x00007ffd23177000 	/System/Library/PrivateFrameworks/TextInputUIMacHelper.framework/Versions/A/TextInputUIMacHelper
0x000000018049f000 	/Users/saahibm.singh/.p2/pool/plugins/org.eclipse.justj.openjdk.hotspot.jre.full.macosx.x86_64_21.0.9.v20251105-0741/jre/lib/libjsound.dylib
0x00007ff9303fc000 	/System/Library/PrivateFrameworks/SafariPlatformSupport.framework/Versions/A/SafariPlatformSupport
0x0000000185385000 	/System/Library/Components/CoreAudio.component/Contents/MacOS/CoreAudio
0x00007ffd21077000 	/System/Library/PrivateFrameworks/SpotlightKnowledge.framework/Versions/A/SpotlightKnowledge
0x00007ffc194c2000 	/System/Library/PrivateFrameworks/DocumentUnderstandingClient.framework/Versions/A/DocumentUnderstandingClient
0x00007ffd2105e000 	/System/Library/PrivateFrameworks/SpotlightEmbedding.framework/Versions/A/SpotlightEmbedding
0x00007ff820d75000 	/System/Library/PrivateFrameworks/SpotlightLinguistics.framework/Versions/A/SpotlightLinguistics
0x00007ffd21238000 	/System/Library/PrivateFrameworks/SpotlightResources.framework/Versions/A/SpotlightResources
0x00007ff83a23c000 	/System/Library/PrivateFrameworks/SpotlightIndex.framework/Versions/A/SpotlightIndex
0x00007ff92b692000 	/System/Library/PrivateFrameworks/DataDeliveryServices.framework/Versions/A/DataDeliveryServices
0x00007ffb31f0d000 	/System/Library/PrivateFrameworks/CipherML.framework/Versions/A/CipherML
0x00007ffc34037000 	/System/Library/PrivateFrameworks/PegasusKit.framework/Versions/A/PegasusKit
0x00007ffd21eb1000 	/System/Library/PrivateFrameworks/SwiftSQLite.framework/Versions/A/SwiftSQLite

JVMTI agents: none


VM Arguments:
jvm_args: -Dfile.encoding=UTF-8 -Dstdout.encoding=UTF-8 -Dstderr.encoding=UTF-8 --module-path=/Users/saahibm.singh/Documents/GitHub/Tic-Tac-Toe-Anay-Desai-Saahib-Singh/anay_and_Saahib_TicTacToe/bin -XX:+ShowCodeDetailsInExceptionMessages -Djdk.module.main=anay_and_Saahib_TicTacToe 
java_command: anay_and_Saahib_TicTacToe/tictactoe.TicTacToeWebApp
java_class_path (initial): <not set>
Launcher Type: SUN_STANDARD

[Global flags]
     intx CICompilerCount                          = 4                                         {product} {ergonomic}
     uint ConcGCThreads                            = 2                                         {product} {ergonomic}
     uint G1ConcRefinementThreads                  = 9                                         {product} {ergonomic}
   size_t G1HeapRegionSize                         = 2097152                                   {product} {ergonomic}
    uintx GCDrainStackTargetSize                   = 64                                        {product} {ergonomic}
   size_t InitialHeapSize                          = 268435456                                 {product} {ergonomic}
   size_t MarkStackSize                            = 4194304                                   {product} {ergonomic}
   size_t MaxHeapSize                              = 4294967296                                {product} {ergonomic}
   size_t MaxNewSize                               = 2575302656                                {product} {ergonomic}
   size_t MinHeapDeltaBytes                        = 2097152                                   {product} {ergonomic}
   size_t MinHeapSize                              = 8388608                                   {product} {ergonomic}
    uintx NonNMethodCodeHeapSize                   = 5839372                                {pd product} {ergonomic}
    uintx NonProfiledCodeHeapSize                  = 122909434                              {pd product} {ergonomic}
    uintx ProfiledCodeHeapSize                     = 122909434                              {pd product} {ergonomic}
    uintx ReservedCodeCacheSize                    = 251658240                              {pd product} {ergonomic}
     bool SegmentedCodeCache                       = true                                      {product} {ergonomic}
     bool ShowCodeDetailsInExceptionMessages       = true                                   {manageable} {command line}
   size_t SoftMaxHeapSize                          = 4294967296                             {manageable} {ergonomic}
     bool UseCompressedOops                        = true                           {product lp64_product} {ergonomic}
     bool UseG1GC                                  = true                                      {product} {ergonomic}
     bool UseNUMA                                  = false                                     {product} {ergonomic}
     bool UseNUMAInterleaving                      = false                                     {product} {ergonomic}

Logging:
Log output configuration:
 #0: stdout all=warning uptime,level,tags foldmultilines=false
 #1: stderr all=off uptime,level,tags foldmultilines=false

Release file:
JAVA_VERSION="21.0.9"
MODULES="java.base java.compiler java.datatransfer java.xml java.prefs java.desktop java.instrument java.logging java.management java.security.sasl java.naming java.rmi java.management.rmi java.net.http java.scripting java.security.jgss java.transaction.xa java.sql java.sql.rowset java.xml.crypto java.se java.smartcardio jdk.accessibility jdk.internal.jvmstat jdk.attach jdk.charsets jdk.internal.opt jdk.zipfs jdk.compiler jdk.crypto.ec jdk.crypto.cryptoki jdk.dynalink jdk.internal.ed jdk.editpad jdk.hotspot.agent jdk.httpserver jdk.internal.le jdk.internal.vm.ci jdk.internal.vm.compiler jdk.internal.vm.compiler.management jdk.jartool jdk.javadoc jdk.jcmd jdk.management jdk.management.agent jdk.jconsole jdk.jdeps jdk.jdwp.agent jdk.jdi jdk.jfr jdk.jshell jdk.jsobject jdk.jstatd jdk.localedata jdk.management.jfr jdk.naming.dns jdk.naming.rmi jdk.net jdk.nio.mapmode jdk.random jdk.sctp jdk.security.auth jdk.security.jgss jdk.unsupported jdk.unsupported.desktop jdk.xml.dom"

Environment Variables:
PATH=/usr/local/bin:/System/Cryptexes/App/usr/bin:/usr/bin:/bin:/usr/sbin:/sbin:/var/run/com.apple.security.cryptexd/codex.system/bootstrap/usr/local/bin:/var/run/com.apple.security.cryptexd/codex.system/bootstrap/usr/bin:/var/run/com.apple.security.cryptexd/codex.system/bootstrap/usr/appleinternal/bin:/opt/pmk/env/global/bin
SHELL=/bin/zsh
LANG=C.UTF-8
TMPDIR=/var/folders/0g/zcymds255v5dhhrpxrf0pvc80000gn/T/

Active Locale:
LC_ALL=C.UTF-8
LC_COLLATE=C.UTF-8
LC_CTYPE=C.UTF-8
LC_MESSAGES=C.UTF-8
LC_MONETARY=C.UTF-8
LC_NUMERIC=C.UTF-8
LC_TIME=C.UTF-8

Signal Handlers:
   SIGSEGV: crash_handler in libjvm.dylib, mask=11100110100111111111111111111111, flags=SA_ONSTACK|SA_RESTART|SA_SIGINFO, unblocked
    SIGBUS: crash_handler in libjvm.dylib, mask=11100110100111111111111111111111, flags=SA_RESTART|SA_SIGINFO, unblocked
    SIGFPE: crash_handler in libjvm.dylib, mask=11100110100111111111111111111111, flags=SA_RESTART|SA_SIGINFO, unblocked
   SIGPIPE: javaSignalHandler in libjvm.dylib, mask=11100110100111111111111111111111, flags=SA_RESTART|SA_SIGINFO, blocked
   SIGXFSZ: javaSignalHandler in libjvm.dylib, mask=11100110100111111111111111111111, flags=SA_RESTART|SA_SIGINFO, blocked
    SIGILL: crash_handler in libjvm.dylib, mask=11100110100111111111111111111111, flags=SA_RESTART|SA_SIGINFO, unblocked
   SIGUSR2: SR_handler in libjvm.dylib, mask=00000000000000000000000000000000, flags=SA_RESTART|SA_SIGINFO, blocked
    SIGHUP: UserHandler in libjvm.dylib, mask=11100110100111111111111111111111, flags=SA_RESTART|SA_SIGINFO, blocked
    SIGINT: UserHandler in libjvm.dylib, mask=11100110100111111111111111111111, flags=SA_RESTART|SA_SIGINFO, blocked
   SIGTERM: UserHandler in libjvm.dylib, mask=11100110100111111111111111111111, flags=SA_RESTART|SA_SIGINFO, blocked
   SIGQUIT: UserHandler in libjvm.dylib, mask=11100110100111111111111111111111, flags=SA_RESTART|SA_SIGINFO, blocked
   SIGTRAP: crash_handler in libjvm.dylib, mask=11100110100111111111111111111111, flags=SA_RESTART|SA_SIGINFO, unblocked


Periodic native trim disabled

---------------  S Y S T E M  ---------------

OS:
uname: Darwin 25.2.0 Darwin Kernel Version 25.2.0: Tue Nov 18 21:08:48 PST 2025; root:xnu-12377.61.12~1/RELEASE_ARM64_T8132 x86_64
OS uptime: 19 days 0:43 hours
rlimit (soft/hard): STACK 8176k/65520k , CORE 0k/infinity , NPROC 2666/4000 , NOFILE 1048576/infinity , AS infinity/infinity , CPU infinity/infinity , DATA infinity/infinity , FSIZE infinity/infinity , MEMLOCK infinity/infinity , RSS infinity/infinity
load average: 36.62 38.67 32.46

CPU: (EMULATED) total 10 (initial active 10) (1 cores per cpu, 1 threads per core) family 6 model 44 stepping 0 microcode 0x0, cx8, cmov, fxsr, mmx, sse, sse2, sse3, ssse3, sse4.1, sse4.2, popcnt, tsc, tscinvbit, aes, clmul, clflush, rdtscp
machdep.cpu.brand_string:Apple M4
hw.cpufrequency:2400000000
hw.cpufrequency_min:2400000000
hw.cpufrequency_max:2400000000
hw.cachelinesize:64
hw.l1icachesize:131072
hw.l1dcachesize:65536
hw.l2cachesize:4194304

Memory: 4k page, physical 16777216k(23260k free), swap 10485760k(750400k free)

vm_info: OpenJDK 64-Bit Server VM (21.0.9+10-LTS) for bsd-amd64 JRE (21.0.9+10-LTS), built on 2025-10-21T00:00:00Z by "admin" with clang Apple LLVM 15.0.0 (clang-1500.1.0.2.5)

END.
